mtllib fishClown.mtl
usemtl fishClown
v -0.695231020450592 -1.6647450394729262 5.007590461878845
v -9.26838765735738e-8 -3.3959382255052493 3.290504623078096
v -9.268386236271908e-8 -2.0676011372102385 5.007590448089668
v -9.26838765735738e-8 -3.3959382255052493 3.290504623078096
v -0.695231020450592 -1.6647450394729262 5.007590461878845
v -1.2220162153244019 -2.6650932722885883 3.181981282973001
v -9.268390499528323e-8 -4.039291747898966 -1.2736114226630062
v -9.268391210071059e-8 -4.260801771238406 1.5734195291862614
v -1.2866082191467285 -3.0596976337834025 1.1514468331243854
v -1.2866082191467285 -3.0596976337834025 1.1514468331243854
v -1.1955486536026 -2.9967490828999757 -1.4104726469993865
v -9.268390499528323e-8 -4.039291747898966 -1.2736114226630062
v -9.268390499528323e-8 -4.039291747898966 -1.2736114226630062
v -1.1955486536026 -2.9967490828999757 -1.4104726469993865
v -9.268391920613794e-8 -3.3311420313550495 -3.2961421829441155
v -1.1955486536026 -2.9967490828999757 -1.4104726469993865
v -0.9635407328605652 -2.1353598842432384 -3.3966682330100184
v -9.268391920613794e-8 -3.3311420313550495 -3.2961421829441155
v -9.268389078442851e-8 2.999275096640488 5.128994311518819
v -9.26839760495568e-8 4.331820135591749 3.886628562557097
v -0.9162267446517944 2.575984168948227 4.376394606604054
v -0.9162267446517944 2.575984168948227 4.376394606604054
v -9.26839760495568e-8 4.331820135591749 3.886628562557097
v -1.0257251262664795 3.475828346873943 3.2337993853760842
v -9.268390499528323e-8 5.247957497412489 -1.217399337117202
v -1.1852070093154907 4.087792368471327 1.6212985555256725
v -9.268393341699266e-8 5.354811821549397 2.0251388884920587
v -1.1852070093154907 4.087792368471327 1.6212985555256725
v -9.268390499528323e-8 5.247957497412489 -1.217399337117202
v -1.1621949672698975 3.934250668766003 -1.2534703237275402
v -9.268391210071059e-8 4.294279474735066 -3.4314311095060033
v -1.1621949672698975 3.934250668766003 -1.2534703237275402
v -9.268390499528323e-8 5.247957497412489 -1.217399337117202
v -1.1621949672698975 3.934250668766003 -1.2534703237275402
v -9.268391210071059e-8 4.294279474735066 -3.4314311095060033
v -0.8975592851638794 3.1217843836726313 -3.300809482433155
v -9.268394762784737e-8 0.9125054417349812 5.896839844455252
v -1.2103707790374756 0.5395385115825807 4.960335976567785
v -0.5971118211746216 -0.04019130942264493 5.85115499895643
v -9.268394762784737e-8 0.9125054417349812 5.896839844455252
v -0.5971118211746216 -0.04019130942264493 5.85115499895643
v -9.268389078442851e-8 0.12819132736364902 6.1302821161374865
v -1.1722087860107422 1.676546048130318 4.6343043417699965
v -9.268394762784737e-8 0.9125054417349812 5.896839844455252
v -9.268386236271908e-8 1.8871597374321099 5.541698727099897
v -9.268394762784737e-8 0.9125054417349812 5.896839844455252
v -1.1722087860107422 1.676546048130318 4.6343043417699965
v -1.2103707790374756 0.5395385115825807 4.960335976567785
v -1.4797532558441162 -0.12471539593885012 -3.456091131972741
v -0.62356036901474 -1.2632474667696105 -4.972708178739088
v -0.9635407328605652 -2.1353598842432384 -3.3966682330100184
v -1.4797532558441162 -0.12471539593885012 -3.456091131972741
v -0.9666898846626282 -0.06713991671970979 -4.821721233099797
v -0.62356036901474 -1.2632474667696105 -4.972708178739088
v -1.9953200817108154 -1.3381592538989353 0.7331312573358777
v -2.005922794342041 -0.3181596790417544 -1.4836910772650347
v -1.1955486536026 -2.9967490828999757 -1.4104726469993865
v -1.1955486536026 -2.9967490828999757 -1.4104726469993865
v -1.2866082191467285 -3.0596976337834025 1.1514468331243854
v -1.9953200817108154 -1.3381592538989353 0.7331312573358777
v -1.2866082191467285 -3.0596976337834025 1.1514468331243854
v -1.8051508665084839 -1.1820144722554589 2.790435574586178
v -1.9953200817108154 -1.3381592538989353 0.7331312573358777
v -1.8051508665084839 -1.1820144722554589 2.790435574586178
v -1.2866082191467285 -3.0596976337834025 1.1514468331243854
v -1.2220162153244019 -2.6650932722885883 3.181981282973001
v -0.9988166689872742 1.103168900367742 -4.7921906688451
v -1.4797532558441162 -0.12471539593885012 -3.456091131972741
v -1.4061248302459717 1.3267445588785558 -3.4749619121813495
v -1.4797532558441162 -0.12471539593885012 -3.456091131972741
v -0.9988166689872742 1.103168900367742 -4.7921906688451
v -0.9666898846626282 -0.06713991671970979 -4.821721233099797
v -1.8236130475997925 1.9734403221365977 -1.5208569373626615
v -2.176246404647827 0.15377453491717258 0.6644801114116077
v -1.8829001188278198 2.1320241137614264 0.8870136359389749
v -2.176246404647827 0.15377453491717258 0.6644801114116077
v -1.8236130475997925 1.9734403221365977 -1.5208569373626615
v -2.005922794342041 -0.3181596790417544 -1.4836910772650347
v -1.8829001188278198 2.1320241137614264 0.8870136359389749
v -1.8360131978988647 0.3478090070416726 2.646675904392465
v -1.5871132612228394 1.9367666315521361 2.744657408368302
v -1.8360131978988647 0.3478090070416726 2.646675904392465
v -1.8829001188278198 2.1320241137614264 0.8870136359389749
v -2.176246404647827 0.15377453491717258 0.6644801114116077
v -0.62356036901474 -1.2632474667696105 -4.972708178739088
v -9.103980858071736e-8 -0.7543294405317819 -6.617846845548418
v -9.268390499528323e-8 -2.3630538529546032 -5.093246923805845
v -9.103980858071736e-8 -0.7543294405317819 -6.617846845548418
v -0.62356036901474 -1.2632474667696105 -4.972708178739088
v -0.3746435046195984 -0.4943127100633369 -6.6178468366484235
v -0.3746435046195984 0.7357003799304441 -6.6178467945468675
v -0.6147232055664062 1.9623930775600547 -4.977813086771097
v -9.103980858071736e-8 1.1967883062714892 -6.6178467787645
v -0.6147232055664062 1.9623930775600547 -4.977813086771097
v -9.268389078442851e-8 2.843008285448882 -5.08462457641042
v -9.103980858071736e-8 1.1967883062714892 -6.6178467787645
v -0.9666898846626282 -0.06713991671970979 -4.821721233099797
v -0.3746435046195984 -0.4943127100633369 -6.6178468366484235
v -0.62356036901474 -1.2632474667696105 -4.972708178739088
v -0.3746435046195984 -0.4943127100633369 -6.6178468366484235
v -0.9666898846626282 -0.06713991671970979 -4.821721233099797
v -0.5138043165206909 0.15718583867506317 -6.617846814348578
v -0.3746435046195984 0.7357003799304441 -6.6178467945468675
v -0.9666898846626282 -0.06713991671970979 -4.821721233099797
v -0.9988166689872742 1.103168900367742 -4.7921906688451
v -0.9666898846626282 -0.06713991671970979 -4.821721233099797
v -0.3746435046195984 0.7357003799304441 -6.6178467945468675
v -0.5138043165206909 0.15718583867506317 -6.617846814348578
v -0.3746435046195984 -0.4943127100633369 -6.6178468366484235
v -9.37962880698251e-8 -1.0813586927791905 -7.329941139314005
v -9.103980858071736e-8 -0.7543294405317819 -6.617846845548418
v -9.37962880698251e-8 -1.0813586927791905 -7.329941139314005
v -0.3746435046195984 -0.4943127100633369 -6.6178468366484235
v -0.40894386172294617 -0.6436312564374999 -7.329941124331232
v -9.103980858071736e-8 1.1967883062714892 -6.6178467787645
v -0.3304821252822876 0.9580028335239189 -7.329941069509632
v -0.3746435046195984 0.7357003799304441 -6.6178467945468675
v -0.3304821252822876 0.9580028335239189 -7.329941069509632
v -9.103980858071736e-8 1.1967883062714892 -6.6178467787645
v -9.37962880698251e-8 1.395729673819182 -7.32994105452688
v -0.39206063747406006 0.15718585024666482 -7.1735871517717085
v -0.3746435046195984 -0.4943127100633369 -6.6178468366484235
v -0.5138043165206909 0.15718583867506317 -6.617846814348578
v -0.3746435046195984 -0.4943127100633369 -6.6178468366484235
v -0.39206063747406006 0.15718585024666482 -7.1735871517717085
v -0.40894386172294617 -0.6436312564374999 -7.329941124331232
v -0.3746435046195984 0.7357003799304441 -6.6178467945468675
v -0.39206063747406006 0.15718585024666482 -7.1735871517717085
v -0.5138043165206909 0.15718583867506317 -6.617846814348578
v -0.39206063747406006 0.15718585024666482 -7.1735871517717085
v -0.3746435046195984 0.7357003799304441 -6.6178467945468675
v -0.3304821252822876 0.9580028335239189 -7.329941069509632
v -9.268389078442851e-8 -2.33062214869333 -8.09931504947772
v -9.37962880698251e-8 -1.0813586927791905 -7.329941139314005
v -0.17777390778064728 -1.8299700671050043 -8.797886213569218
v -9.37962880698251e-8 -1.0813586927791905 -7.329941139314005
v -0.40894386172294617 -0.6436312564374999 -7.329941124331232
v -0.17777390778064728 -1.8299700671050043 -8.797886213569218
v -9.268389078442851e-8 2.8052192874791277 -8.213761509782657
v -9.268386236271908e-8 3.6591426089197614 -9.087269904024328
v -0.14438658952713013 2.2683173794066054 -8.926216299611141
v -0.19569607079029083 0.1571856525725791 -8.363952902348032
v -0.40894386172294617 -0.6436312564374999 -7.329941124331232
v -0.39206063747406006 0.15718585024666482 -7.1735871517717085
v -0.19569607079029083 0.1571856525725791 -8.363952902348032
v -0.17777390778064728 -1.8299700671050043 -8.797886213569218
v -0.40894386172294617 -0.6436312564374999 -7.329941124331232
v -0.19569607079029083 0.1571856525725791 -8.363952902348032
v -0.3304821252822876 0.9580028335239189 -7.329941069509632
v -0.14438658952713013 2.2683173794066054 -8.926216299611141
v -0.3304821252822876 0.9580028335239189 -7.329941069509632
v -0.19569607079029083 0.1571856525725791 -8.363952902348032
v -0.39206063747406006 0.15718585024666482 -7.1735871517717085
v -9.268386236271908e-8 -1.8176685794663712 -10.055677689260826
v -9.268386236271908e-8 -2.8971265660395327 -9.318115571889347
v -0.17777390778064728 -1.8299700671050043 -8.797886213569218
v -0.17777390778064728 -1.8299700671050043 -8.797886213569218
v -9.268386236271908e-8 -2.8971265660395327 -9.318115571889347
v -9.268391920613794e-8 -2.9351772329551564 -8.831160900833634
v -9.268386236271908e-8 3.211498890791315 -9.77137195434135
v -0.14438658952713013 2.2683173794066054 -8.926216299611141
v -9.268386236271908e-8 3.6591426089197614 -9.087269904024328
v -0.14438658952713013 2.2683173794066054 -8.926216299611141
v -9.268386236271908e-8 3.211498890791315 -9.77137195434135
v -9.268386236271908e-8 2.1320421269938805 -9.93022170203891
v -9.268386236271908e-8 0.15718569342406769 -9.557444797226523
v -0.17777390778064728 -1.8299700671050043 -8.797886213569218
v -0.19569607079029083 0.1571856525725791 -8.363952902348032
v -0.17777390778064728 -1.8299700671050043 -8.797886213569218
v -9.268386236271908e-8 0.15718569342406769 -9.557444797226523
v -9.268386236271908e-8 -1.8176685794663712 -10.055677689260826
v -9.268386236271908e-8 0.15718569342406769 -9.557444797226523
v -0.14438658952713013 2.2683173794066054 -8.926216299611141
v -9.268386236271908e-8 2.1320421269938805 -9.93022170203891
v -0.14438658952713013 2.2683173794066054 -8.926216299611141
v -9.268386236271908e-8 0.15718569342406769 -9.557444797226523
v -0.19569607079029083 0.1571856525725791 -8.363952902348032
v -9.268386236271908e-8 -2.0676011372102385 5.007590448089668
v -9.268389078442851e-8 -1.184755555299538 5.827177680937284
v -0.42554816603660583 -1.1319553770493826 5.782489936318831
v -0.42554816603660583 -1.1319553770493826 5.782489936318831
v -0.695231020450592 -1.6647450394729262 5.007590461878845
v -9.268386236271908e-8 -2.0676011372102385 5.007590448089668
v -0.695231020450592 -1.6647450394729262 5.007590461878845
v -0.42554816603660583 -1.1319553770493826 5.782489936318831
v -1.1315257549285889 -0.7347113867028582 4.9834320167562485
v -0.7008371353149414 -0.6353198357639981 5.722204387144125
v -1.1315257549285889 -0.7347113867028582 4.9834320167562485
v -0.42554816603660583 -1.1319553770493826 5.782489936318831
v -0.5971118211746216 -0.04019130942264493 5.85115499895643
v -9.268391920613794e-8 -0.3106117362446885 6.4029909846057365
v -9.268389078442851e-8 0.12819132736364902 6.1302821161374865
v -9.268391920613794e-8 -0.3106117362446885 6.4029909846057365
v -0.5971118211746216 -0.04019130942264493 5.85115499895643
v -0.23666147887706757 -0.44219544734964167 6.261683154128031
v -0.17494605481624603 -0.9638196320386179 6.116972600455341
v -9.268389078442851e-8 -1.184755555299538 5.827177680937284
v -9.268391920613794e-8 -0.9904524184537158 6.161659869132324
v -9.268389078442851e-8 -1.184755555299538 5.827177680937284
v -0.17494605481624603 -0.9638196320386179 6.116972600455341
v -0.42554816603660583 -1.1319553770493826 5.782489936318831
v -0.3479003608226776 -0.7030074703558369 5.904955557313425
v -0.5971118211746216 -0.04019130942264493 5.85115499895643
v -0.7008371353149414 -0.6353198357639981 5.722204387144125
v -0.5971118211746216 -0.04019130942264493 5.85115499895643
v -0.3479003608226776 -0.7030074703558369 5.904955557313425
v -0.23666147887706757 -0.44219544734964167 6.261683154128031
v -0.42554816603660583 -1.1319553770493826 5.782489936318831
v -0.3479003608226776 -0.7030074703558369 5.904955557313425
v -0.7008371353149414 -0.6353198357639981 5.722204387144125
v -0.3479003608226776 -0.7030074703558369 5.904955557313425
v -0.42554816603660583 -1.1319553770493826 5.782489936318831
v -0.17494605481624603 -0.9638196320386179 6.116972600455341
v -1.2103707790374756 0.5395385115825807 4.960335976567785
v -1.1315257549285889 -0.7347113867028582 4.9834320167562485
v -0.5971118211746216 -0.04019130942264493 5.85115499895643
v -0.5971118211746216 -0.04019130942264493 5.85115499895643
v -1.1315257549285889 -0.7347113867028582 4.9834320167562485
v -0.7008371353149414 -0.6353198357639981 5.722204387144125
v -1.8360131978988647 0.3478090070416726 2.646675904392465
v -1.1315257549285889 -0.7347113867028582 4.9834320167562485
v -1.2103707790374756 0.5395385115825807 4.960335976567785
v -1.1315257549285889 -0.7347113867028582 4.9834320167562485
v -1.8360131978988647 0.3478090070416726 2.646675904392465
v -1.8051508665084839 -1.1820144722554589 2.790435574586178
v -1.9953200817108154 -1.3381592538989353 0.7331312573358777
v -2.176246404647827 0.15377453491717258 0.6644801114116077
v -2.005922794342041 -0.3181596790417544 -1.4836910772650347
v -0.3479003608226776 -0.7030074703558369 5.904955557313425
v -0.17494605481624603 -0.9638196320386179 6.116972600455341
v -9.268391920613794e-8 -0.7103798500758445 5.92451160192393
v -0.23666147887706757 -0.44219544734964167 6.261683154128031
v -0.3479003608226776 -0.7030074703558369 5.904955557313425
v -9.268391920613794e-8 -0.7103798500758445 5.92451160192393
v -0.9162267446517944 2.575984168948227 4.376394606604054
v -1.0257251262664795 3.475828346873943 3.2337993853760842
v -1.5871132612228394 1.9367666315521361 2.744657408368302
v -0.9162267446517944 2.575984168948227 4.376394606604054
v -1.5871132612228394 1.9367666315521361 2.744657408368302
v -1.1722087860107422 1.676546048130318 4.6343043417699965
v -1.1621949672698975 3.934250668766003 -1.2534703237275402
v -1.8829001188278198 2.1320241137614264 0.8870136359389749
v -1.1852070093154907 4.087792368471327 1.6212985555256725
v -1.8829001188278198 2.1320241137614264 0.8870136359389749
v -1.1621949672698975 3.934250668766003 -1.2534703237275402
v -1.8236130475997925 1.9734403221365977 -1.5208569373626615
v -0.8975592851638794 3.1217843836726313 -3.300809482433155
v -1.8236130475997925 1.9734403221365977 -1.5208569373626615
v -1.1621949672698975 3.934250668766003 -1.2534703237275402
v -1.8236130475997925 1.9734403221365977 -1.5208569373626615
v -0.8975592851638794 3.1217843836726313 -3.300809482433155
v -1.4061248302459717 1.3267445588785558 -3.4749619121813495
v -1.2220162153244019 -2.6650932722885883 3.181981282973001
v -9.268391210071059e-8 -4.260801771238406 1.5734195291862614
v -9.26838765735738e-8 -3.3959382255052493 3.290504623078096
v -9.268391210071059e-8 -4.260801771238406 1.5734195291862614
v -1.2220162153244019 -2.6650932722885883 3.181981282973001
v -1.2866082191467285 -3.0596976337834025 1.1514468331243854
v -1.8051508665084839 -1.1820144722554589 2.790435574586178
v -0.695231020450592 -1.6647450394729262 5.007590461878845
v -1.1315257549285889 -0.7347113867028582 4.9834320167562485
v -1.8051508665084839 -1.1820144722554589 2.790435574586178
v -1.2220162153244019 -2.6650932722885883 3.181981282973001
v -0.695231020450592 -1.6647450394729262 5.007590461878845
v -1.1722087860107422 1.676546048130318 4.6343043417699965
v -1.5871132612228394 1.9367666315521361 2.744657408368302
v -1.8360131978988647 0.3478090070416726 2.646675904392465
v -1.8360131978988647 0.3478090070416726 2.646675904392465
v -1.2103707790374756 0.5395385115825807 4.960335976567785
v -1.1722087860107422 1.676546048130318 4.6343043417699965
v -1.8360131978988647 0.3478090070416726 2.646675904392465
v -2.176246404647827 0.15377453491717258 0.6644801114116077
v -1.8051508665084839 -1.1820144722554589 2.790435574586178
v -2.176246404647827 0.15377453491717258 0.6644801114116077
v -1.9953200817108154 -1.3381592538989353 0.7331312573358777
v -1.8051508665084839 -1.1820144722554589 2.790435574586178
v -1.1852070093154907 4.087792368471327 1.6212985555256725
v -1.5871132612228394 1.9367666315521361 2.744657408368302
v -1.0257251262664795 3.475828346873943 3.2337993853760842
v -1.5871132612228394 1.9367666315521361 2.744657408368302
v -1.1852070093154907 4.087792368471327 1.6212985555256725
v -1.8829001188278198 2.1320241137614264 0.8870136359389749
v -9.268391920613794e-8 -3.3311420313550495 -3.2961421829441155
v -0.9635407328605652 -2.1353598842432384 -3.3966682330100184
v -9.268390499528323e-8 -2.3630538529546032 -5.093246923805845
v -0.9635407328605652 -2.1353598842432384 -3.3966682330100184
v -0.62356036901474 -1.2632474667696105 -4.972708178739088
v -9.268390499528323e-8 -2.3630538529546032 -5.093246923805845
v -0.6147232055664062 1.9623930775600547 -4.977813086771097
v -0.8975592851638794 3.1217843836726313 -3.300809482433155
v -9.268389078442851e-8 2.843008285448882 -5.08462457641042
v -9.268391210071059e-8 4.294279474735066 -3.4314311095060033
v -9.268389078442851e-8 2.843008285448882 -5.08462457641042
v -0.8975592851638794 3.1217843836726313 -3.300809482433155
v -2.005922794342041 -0.3181596790417544 -1.4836910772650347
v -0.9635407328605652 -2.1353598842432384 -3.3966682330100184
v -1.1955486536026 -2.9967490828999757 -1.4104726469993865
v -2.005922794342041 -0.3181596790417544 -1.4836910772650347
v -1.4797532558441162 -0.12471539593885012 -3.456091131972741
v -0.9635407328605652 -2.1353598842432384 -3.3966682330100184
v -1.4061248302459717 1.3267445588785558 -3.4749619121813495
v -2.005922794342041 -0.3181596790417544 -1.4836910772650347
v -1.8236130475997925 1.9734403221365977 -1.5208569373626615
v -2.005922794342041 -0.3181596790417544 -1.4836910772650347
v -1.4061248302459717 1.3267445588785558 -3.4749619121813495
v -1.4797532558441162 -0.12471539593885012 -3.456091131972741
v -0.9988166689872742 1.103168900367742 -4.7921906688451
v -1.4061248302459717 1.3267445588785558 -3.4749619121813495
v -0.6147232055664062 1.9623930775600547 -4.977813086771097
v -0.8975592851638794 3.1217843836726313 -3.300809482433155
v -0.6147232055664062 1.9623930775600547 -4.977813086771097
v -1.4061248302459717 1.3267445588785558 -3.4749619121813495
v -1.6229101419448853 1.3711429727409383 3.830230071424233
v -1.703973412513733 1.412800908905872 3.4522202896462684
v -1.7419389486312866 1.1082118796581495 3.643479656829374
v -1.7419389486312866 1.1082118796581495 3.643479656829374
v -1.6577394008636475 1.080251449198106 3.9871180642150685
v -1.6229101419448853 1.3711429727409383 3.830230071424233
v -1.6577394008636475 1.080251449198106 3.9871180642150685
v -1.7419389486312866 1.1082118796581495 3.643479656829374
v -1.7188600301742554 0.8400687069838463 3.7842972850431558
v -1.4915937185287476 0.971237174017398 4.16890459143179
v -1.441969394683838 1.5048936435455547 3.8806575111048796
v -1.6229101419448853 1.3711429727409383 3.830230071424233
v -1.4915937185287476 0.971237174017398 4.16890459143179
v -1.6229101419448853 1.3711429727409383 3.830230071424233
v -1.6577394008636475 1.080251449198106 3.9871180642150685
v -1.54425847530365 1.5765811183541492 3.3747442732764323
v -1.6229101419448853 1.3711429727409383 3.830230071424233
v -1.441969394683838 1.5048936435455547 3.8806575111048796
v -1.6229101419448853 1.3711429727409383 3.830230071424233
v -1.54425847530365 1.5765811183541492 3.3747442732764323
v -1.703973412513733 1.412800908905872 3.4522202896462684
v -1.829323172569275 1.1372300545530458 3.2868440995036154
v -1.703973412513733 1.412800908905872 3.4522202896462684
v -1.54425847530365 1.5765811183541492 3.3747442732764323
v -1.829323172569275 1.1372300545530458 3.2868440995036154
v -1.54425847530365 1.5765811183541492 3.3747442732764323
v -1.7764747142791748 1.1065620425730176 3.075948090505321
v -1.7764747142791748 1.1065620425730176 3.075948090505321
v -1.7009186744689941 0.6418630183972869 3.3727534462150377
v -1.774742603302002 0.8433071570349681 3.474554845041923
v -1.7764747142791748 1.1065620425730176 3.075948090505321
v -1.774742603302002 0.8433071570349681 3.474554845041923
v -1.829323172569275 1.1372300545530458 3.2868440995036154
v -1.4915937185287476 0.971237174017398 4.16890459143179
v -1.7188600301742554 0.8400687069838463 3.7842972850431558
v -1.569288969039917 0.5877253561197855 3.8687899569243935
v -1.7188600301742554 0.8400687069838463 3.7842972850431558
v -1.4915937185287476 0.971237174017398 4.16890459143179
v -1.6577394008636475 1.080251449198106 3.9871180642150685
v -1.774742603302002 0.8433071570349681 3.474554845041923
v -1.569288969039917 0.5877253561197855 3.8687899569243935
v -1.7188600301742554 0.8400687069838463 3.7842972850431558
v -1.569288969039917 0.5877253561197855 3.8687899569243935
v -1.774742603302002 0.8433071570349681 3.474554845041923
v -1.7009186744689941 0.6418630183972869 3.3727534462150377
v -0.16715574264526367 5.569524506277257 -0.08700669417071438
v -0.1600601226091385 5.322450452911956 -1.9969617215766076
v -0.23291759192943573 4.569134539500538 -1.599685717067786
v -0.23291759192943573 4.569134539500538 -1.599685717067786
v -0.27764028310775757 4.960741740057243 0.4624834795774553
v -0.16715574264526367 5.569524506277257 -0.08700669417071438
v -0.23291757702827454 3.6063098124317468 -3.3948918181275216
v -0.1600601226091385 5.322450452911956 -1.9969617215766076
v -0.1600601077079773 4.604474932645466 -4.0891726230057905
v -0.1600601226091385 5.322450452911956 -1.9969617215766076
v -0.23291757702827454 3.6063098124317468 -3.3948918181275216
v -0.23291759192943573 4.569134539500538 -1.599685717067786
v -0.1600601077079773 3.7212181093019 -5.802809231317113
v -9.26838765735738e-8 5.6026400528592095 -4.783454143139773
v -9.268386946814644e-8 4.866491318912465 -6.9770757286896155
v -9.26838765735738e-8 5.6026400528592095 -4.783454143139773
v -0.1600601077079773 3.7212181093019 -5.802809231317113
v -0.1600601077079773 4.604474932645466 -4.0891726230057905
v -9.268388367900116e-8 6.054193248707451 -0.8854702332435205
v -0.16715574264526367 5.569524506277257 -0.08700669417071438
v 0.16715574264526367 5.569524506277257 -0.08700669417071438
v 0.1600601077079773 3.7212181093019 -5.802809231317113
v 0.23291759192943573 2.5759448996913106 -4.628542018688896
v -0.23291759192943573 2.5759448996913106 -4.628542018688896
v -0.23291759192943573 2.5759448996913106 -4.628542018688896
v -0.1600601077079773 3.7212181093019 -5.802809231317113
v 0.1600601077079773 3.7212181093019 -5.802809231317113
v -0.1600601077079773 -3.392730282653581 -4.287914087521911
v -0.1543501913547516 -1.852407173081385 -4.990783902861047
v -0.10551074147224426 -2.1613481437142044 -5.734404283643005
v -0.1543501913547516 -1.852407173081385 -4.990783902861047
v -0.1600601077079773 -3.392730282653581 -4.287914087521911
v -0.23291757702827454 -3.063673588728478 -3.276509834983507
v -0.23291756212711334 -3.8719252436160643 -1.429692372819288
v -0.23291757702827454 -3.063673588728478 -3.276509834983507
v -0.1600600928068161 -4.187260492855231 -1.8302365364676532
v -0.23291757702827454 -3.063673588728478 -3.276509834983507
v -0.1600601077079773 -3.392730282653581 -4.287914087521911
v -0.1600600928068161 -4.187260492855231 -1.8302365364676532
v -0.1600601077079773 -4.148325849204047 0.00033332513132799946
v -0.1600600928068161 -4.187260492855231 -1.8302365364676532
v -9.268389078442851e-8 -4.438992410521396 -0.2606696933095498
v -9.268389078442851e-8 -4.438992410521396 -0.2606696933095498
v -0.1600600928068161 -4.187260492855231 -1.8302365364676532
v -9.268386236271908e-8 -4.502595742094387 -2.2307809981392324
v -0.23291759192943573 -3.9250883952519438 1.5459046070792422
v -9.268386946814644e-8 -4.6136631894367355 2.328850904901527
v -0.23291759192943573 -3.1280937883437874 3.0633103307879317
v -9.268386946814644e-8 -4.6136631894367355 2.328850904901527
v -0.23291759192943573 -3.9250883952519438 1.5459046070792422
v -9.268389078442851e-8 -5.673606777750324 0.8271521876460595
v -0.23291759192943573 -3.1280937883437874 3.0633103307879317
v -9.268386946814644e-8 -4.6136631894367355 2.328850904901527
v 0.23291759192943573 -3.1280937883437874 3.0633103307879317
v -2.4091482162475586 -1.0679472363295932 1.5346353742823604
v -1.731580138206482 -0.5126097080748189 1.5636390124457082
v -2.6122453212738037 -0.05376242895269645 1.2565625844995632
v -3.7448012828826904 -0.465412335516996 0.6213151232046163
v -2.4091482162475586 -1.0679472363295932 1.5346353742823604
v -2.6122453212738037 -0.05376242895269645 1.2565625844995632
v -2.4091482162475586 -1.0679472363295932 1.5346353742823604
v -3.7448012828826904 -0.465412335516996 0.6213151232046163
v -3.1839873790740967 -2.1998353382609475 1.2280319143324077
v -4.5214433670043945 -0.7751294219326625 -0.013337957103963127
v -3.7238171100616455 -2.716608529513691 0.791676320759517
v -3.1839873790740967 -2.1998353382609475 1.2280319143324077
v -4.5214433670043945 -0.7751294219326625 -0.013337957103963127
v -3.1839873790740967 -2.1998353382609475 1.2280319143324077
v -3.7448012828826904 -0.465412335516996 0.6213151232046163
v -2.6122453212738037 -0.05376242895269645 1.2565625844995632
v -3.8948347568511963 0.8747921669189147 0.28842538516885075
v -3.7448012828826904 -0.465412335516996 0.6213151232046163
v -4.917913436889648 1.7266744464205794 -0.5804731860735399
v -4.5214433670043945 -0.7751294219326625 -0.013337957103963127
v -3.8948347568511963 0.8747921669189147 0.28842538516885075
v -3.8948347568511963 0.8747921669189147 0.28842538516885075
v -4.5214433670043945 -0.7751294219326625 -0.013337957103963127
v -3.7448012828826904 -0.465412335516996 0.6213151232046163
v -3.1839873790740967 -2.1998353382609475 1.2280319143324077
v -3.7238171100616455 -2.716608529513691 0.791676320759517
v -3.153404474258423 -2.199835331531748 1.0314357754317243
v -1.7009974718093872 -0.5126097013456277 1.367043111963596
v -2.581662893295288 -0.053761945386355176 1.0599664455988962
v -2.6122453212738037 -0.05376242895269645 1.2565625844995632
v -1.7009974718093872 -0.5126097013456277 1.367043111963596
v -2.6122453212738037 -0.05376242895269645 1.2565625844995632
v -1.731580138206482 -0.5126097080748189 1.5636390124457082
v -2.581662893295288 -0.053761945386355176 1.0599664455988962
v -3.8948347568511963 0.8747921669189147 0.28842538516885075
v -2.6122453212738037 -0.05376242895269645 1.2565625844995632
v -2.581662893295288 -0.053761945386355176 1.0599664455988962
v -3.8642518520355225 0.8747924120666851 0.09182924626817535
v -3.8948347568511963 0.8747921669189147 0.28842538516885075
v -2.3785648345947266 -1.0679472296003938 1.338039235381677
v -1.731580138206482 -0.5126097080748189 1.5636390124457082
v -2.4091482162475586 -1.0679472363295932 1.5346353742823604
v -1.731580138206482 -0.5126097080748189 1.5636390124457082
v -2.3785648345947266 -1.0679472296003938 1.338039235381677
v -1.7009974718093872 -0.5126097013456277 1.367043111963596
v -4.917913436889648 1.7266744464205794 -0.5804731860735399
v -3.8948347568511963 0.8747921669189147 0.28842538516885075
v -3.8642518520355225 0.8747924120666851 0.09182924626817535
v -2.3785648345947266 -1.0679472296003938 1.338039235381677
v -3.1839873790740967 -2.1998353382609475 1.2280319143324077
v -3.153404474258423 -2.199835331531748 1.0314357754317243
v -3.1839873790740967 -2.1998353382609475 1.2280319143324077
v -2.3785648345947266 -1.0679472296003938 1.338039235381677
v -2.4091482162475586 -1.0679472363295932 1.5346353742823604
v -2.581662893295288 -0.053761945386355176 1.0599664455988962
v -1.7009974718093872 -0.5126097013456277 1.367043111963596
v -2.3785648345947266 -1.0679472296003938 1.338039235381677
v -4.5214433670043945 -0.7751294219326625 -0.013337957103963127
v -4.917913436889648 1.7266744464205794 -0.5804731860735399
v -3.8642518520355225 0.8747924120666851 0.09182924626817535
v -4.5214433670043945 -0.7751294219326625 -0.013337957103963127
v -3.8642518520355225 0.8747924120666851 0.09182924626817535
v -3.4425926208496094 -0.9490109098151756 0.649183614990446
v -2.581662893295288 -0.053761945386355176 1.0599664455988962
v -3.4425926208496094 -0.9490109098151756 0.649183614990446
v -3.8642518520355225 0.8747924120666851 0.09182924626817535
v -3.4425926208496094 -0.9490109098151756 0.649183614990446
v -2.581662893295288 -0.053761945386355176 1.0599664455988962
v -2.3785648345947266 -1.0679472296003938 1.338039235381677
v -2.3785648345947266 -1.0679472296003938 1.338039235381677
v -3.153404474258423 -2.199835331531748 1.0314357754317243
v -3.4425926208496094 -0.9490109098151756 0.649183614990446
v -3.7238171100616455 -2.716608529513691 0.791676320759517
v -4.5214433670043945 -0.7751294219326625 -0.013337957103963127
v -3.4425926208496094 -0.9490109098151756 0.649183614990446
v -3.7238171100616455 -2.716608529513691 0.791676320759517
v -3.4425926208496094 -0.9490109098151756 0.649183614990446
v -3.153404474258423 -2.199835331531748 1.0314357754317243
v -9.26838765735738e-8 6.075767796834818 -2.394238232724843
v -0.1600601226091385 5.322450452911956 -1.9969617215766076
v -9.268388367900116e-8 6.054193248707451 -0.8854702332435205
v -0.1600601226091385 5.322450452911956 -1.9969617215766076
v -0.16715574264526367 5.569524506277257 -0.08700669417071438
v -9.268388367900116e-8 6.054193248707451 -0.8854702332435205
v -0.1600601077079773 4.604474932645466 -4.0891726230057905
v -9.26838765735738e-8 6.075767796834818 -2.394238232724843
v -9.26838765735738e-8 5.6026400528592095 -4.783454143139773
v -9.26838765735738e-8 6.075767796834818 -2.394238232724843
v -0.1600601077079773 4.604474932645466 -4.0891726230057905
v -0.1600601226091385 5.322450452911956 -1.9969617215766076
v -0.1600601077079773 3.7212181093019 -5.802809231317113
v -0.23291759192943573 2.5759448996913106 -4.628542018688896
v -0.1600601077079773 4.604474932645466 -4.0891726230057905
v -0.23291759192943573 2.5759448996913106 -4.628542018688896
v -0.23291757702827454 3.6063098124317468 -3.3948918181275216
v -0.1600601077079773 4.604474932645466 -4.0891726230057905
v -9.268386236271908e-8 -3.7217874534158177 -5.2993185784789025
v -0.10551074147224426 -2.1613481437142044 -5.734404283643005
v -9.268389788985587e-8 -2.470288518300572 -6.478025379680656
v -0.10551074147224426 -2.1613481437142044 -5.734404283643005
v -9.268386236271908e-8 -3.7217874534158177 -5.2993185784789025
v -0.1600601077079773 -3.392730282653581 -4.287914087521911
v -9.268386236271908e-8 -3.7217874534158177 -5.2993185784789025
v -9.268386236271908e-8 -4.502595742094387 -2.2307809981392324
v -0.1600601077079773 -3.392730282653581 -4.287914087521911
v -0.1600600928068161 -4.187260492855231 -1.8302365364676532
v -0.1600601077079773 -3.392730282653581 -4.287914087521911
v -9.268386236271908e-8 -4.502595742094387 -2.2307809981392324
v -0.23291756212711334 -3.857660003142427 0.2613368204093227
v -0.23291756212711334 -3.8719252436160643 -1.429692372819288
v -0.1600601077079773 -4.148325849204047 0.00033332513132799946
v -0.1600601077079773 -4.148325849204047 0.00033332513132799946
v -0.23291756212711334 -3.8719252436160643 -1.429692372819288
v -0.1600600928068161 -4.187260492855231 -1.8302365364676532
v 0.1543501913547516 -1.852407173081385 -4.990783902861047
v 0.10551074147224426 -2.1613481437142044 -5.734404283643005
v -0.10551074147224426 -2.1613481437142044 -5.734404283643005
v -0.10551074147224426 -2.1613481437142044 -5.734404283643005
v -0.1543501913547516 -1.852407173081385 -4.990783902861047
v 0.1543501913547516 -1.852407173081385 -4.990783902861047
v -0.1600601077079773 -4.148325849204047 0.00033332513132799946
v -9.268389078442851e-8 -4.438992410521396 -0.2606696933095498
v 0.1600601077079773 -4.148325849204047 0.00033332513132799946
v -1.224465250968933 0.9783577843851438 4.130105783952032
v -1.178406000137329 1.4736760701600964 3.862565832036214
v -1.441969394683838 1.5048936435455547 3.8806575111048796
v -1.441969394683838 1.5048936435455547 3.8806575111048796
v -1.4915937185287476 0.971237174017398 4.16890459143179
v -1.224465250968933 0.9783577843851438 4.130105783952032
v -1.441969394683838 1.5048936435455547 3.8806575111048796
v -1.2733466625213623 1.5378247485881669 3.390757893685671
v -1.54425847530365 1.5765811183541492 3.3747442732764323
v -1.2733466625213623 1.5378247485881669 3.390757893685671
v -1.441969394683838 1.5048936435455547 3.8806575111048796
v -1.178406000137329 1.4736760701600964 3.862565832036214
v -1.4888807535171509 1.103960417767384 3.1156671938235903
v -1.54425847530365 1.5765811183541492 3.3747442732764323
v -1.2733466625213623 1.5378247485881669 3.390757893685671
v -1.54425847530365 1.5765811183541492 3.3747442732764323
v -1.4888807535171509 1.103960417767384 3.1156671938235903
v -1.7764747142791748 1.1065620425730176 3.075948090505321
v -1.4888807535171509 1.103960417767384 3.1156671938235903
v -1.7009186744689941 0.6418630183972869 3.3727534462150377
v -1.7764747142791748 1.1065620425730176 3.075948090505321
v -1.7009186744689941 0.6418630183972869 3.3727534462150377
v -1.4888807535171509 1.103960417767384 3.1156671938235903
v -1.4187524318695068 0.6726454778803488 3.391149824202471
v -1.2965788841247559 0.6223969005517683 3.851551341757844
v -1.224465250968933 0.9783577843851438 4.130105783952032
v -1.4915937185287476 0.971237174017398 4.16890459143179
v -1.4915937185287476 0.971237174017398 4.16890459143179
v -1.569288969039917 0.5877253561197855 3.8687899569243935
v -1.2965788841247559 0.6223969005517683 3.851551341757844
v -1.4187524318695068 0.6726454778803488 3.391149824202471
v -1.2965788841247559 0.6223969005517683 3.851551341757844
v -1.569288969039917 0.5877253561197855 3.8687899569243935
v -1.569288969039917 0.5877253561197855 3.8687899569243935
v -1.7009186744689941 0.6418630183972869 3.3727534462150377
v -1.4187524318695068 0.6726454778803488 3.391149824202471
v -9.268391920613794e-8 -0.7103798500758445 5.92451160192393
v -9.268391920613794e-8 -0.3106117362446885 6.4029909846057365
v -0.23666147887706757 -0.44219544734964167 6.261683154128031
v -9.268391920613794e-8 -0.7103798500758445 5.92451160192393
v 0.23666147887706757 -0.44219544734964167 6.261683154128031
v -9.268391920613794e-8 -0.3106117362446885 6.4029909846057365
v -9.268389078442851e-8 2.999275096640488 5.128994311518819
v -0.9162267446517944 2.575984168948227 4.376394606604054
v -9.268386236271908e-8 1.8871597374321099 5.541698727099897
v -0.9162267446517944 2.575984168948227 4.376394606604054
v -1.1722087860107422 1.676546048130318 4.6343043417699965
v -9.268386236271908e-8 1.8871597374321099 5.541698727099897
v -9.26839760495568e-8 4.331820135591749 3.886628562557097
v -9.268393341699266e-8 5.354811821549397 2.0251388884920587
v -1.0257251262664795 3.475828346873943 3.2337993853760842
v -9.268393341699266e-8 5.354811821549397 2.0251388884920587
v -1.1852070093154907 4.087792368471327 1.6212985555256725
v -1.0257251262664795 3.475828346873943 3.2337993853760842
v -9.26838765735738e-8 -3.3959382255052493 3.290504623078096
v 0.695231020450592 -1.6647450394729262 5.007590461878845
v -9.268386236271908e-8 -2.0676011372102385 5.007590448089668
v 0.695231020450592 -1.6647450394729262 5.007590461878845
v -9.26838765735738e-8 -3.3959382255052493 3.290504623078096
v 1.2220162153244019 -2.6650932722885883 3.181981282973001
v -9.268391210071059e-8 -4.260801771238406 1.5734195291862614
v -9.268390499528323e-8 -4.039291747898966 -1.2736114226630062
v 1.2866082191467285 -3.0596976337834025 1.1514468331243854
v 1.2866082191467285 -3.0596976337834025 1.1514468331243854
v -9.268390499528323e-8 -4.039291747898966 -1.2736114226630062
v 1.1955486536026 -2.9967490828999757 -1.4104726469993865
v -9.268390499528323e-8 -4.039291747898966 -1.2736114226630062
v -9.268391920613794e-8 -3.3311420313550495 -3.2961421829441155
v 1.1955486536026 -2.9967490828999757 -1.4104726469993865
v 1.1955486536026 -2.9967490828999757 -1.4104726469993865
v -9.268391920613794e-8 -3.3311420313550495 -3.2961421829441155
v 0.9635407328605652 -2.1353598842432384 -3.3966682330100184
v 0.9162267446517944 2.575984168948227 4.376394606604054
v 1.0257251262664795 3.475828346873943 3.2337993853760842
v -9.26839760495568e-8 4.331820135591749 3.886628562557097
v 0.9162267446517944 2.575984168948227 4.376394606604054
v -9.26839760495568e-8 4.331820135591749 3.886628562557097
v -9.268389078442851e-8 2.999275096640488 5.128994311518819
v -9.268390499528323e-8 5.247957497412489 -1.217399337117202
v -9.268393341699266e-8 5.354811821549397 2.0251388884920587
v 1.1852070093154907 4.087792368471327 1.6212985555256725
v -9.268390499528323e-8 5.247957497412489 -1.217399337117202
v 1.1852070093154907 4.087792368471327 1.6212985555256725
v 1.1621949672698975 3.934250668766003 -1.2534703237275402
v -9.268391210071059e-8 4.294279474735066 -3.4314311095060033
v -9.268390499528323e-8 5.247957497412489 -1.217399337117202
v 1.1621949672698975 3.934250668766003 -1.2534703237275402
v -9.268391210071059e-8 4.294279474735066 -3.4314311095060033
v 1.1621949672698975 3.934250668766003 -1.2534703237275402
v 0.8975592851638794 3.1217843836726313 -3.300809482433155
v 1.2103707790374756 0.5395385115825807 4.960335976567785
v -9.268394762784737e-8 0.9125054417349812 5.896839844455252
v 0.5971118211746216 -0.04019130942264493 5.85115499895643
v 0.5971118211746216 -0.04019130942264493 5.85115499895643
v -9.268394762784737e-8 0.9125054417349812 5.896839844455252
v -9.268389078442851e-8 0.12819132736364902 6.1302821161374865
v -9.268386236271908e-8 1.8871597374321099 5.541698727099897
v -9.268394762784737e-8 0.9125054417349812 5.896839844455252
v 1.1722087860107422 1.676546048130318 4.6343043417699965
v 1.1722087860107422 1.676546048130318 4.6343043417699965
v -9.268394762784737e-8 0.9125054417349812 5.896839844455252
v 1.2103707790374756 0.5395385115825807 4.960335976567785
v 1.4797532558441162 -0.12471539593885012 -3.456091131972741
v 0.62356036901474 -1.2632474667696105 -4.972708178739088
v 0.9666898846626282 -0.06713991671970979 -4.821721233099797
v 1.4797532558441162 -0.12471539593885012 -3.456091131972741
v 0.9635407328605652 -2.1353598842432384 -3.3966682330100184
v 0.62356036901474 -1.2632474667696105 -4.972708178739088
v 1.9953200817108154 -1.3381592538989353 0.7331312573358777
v 1.1955486536026 -2.9967490828999757 -1.4104726469993865
v 2.005922794342041 -0.3181596790417544 -1.4836910772650347
v 1.1955486536026 -2.9967490828999757 -1.4104726469993865
v 1.9953200817108154 -1.3381592538989353 0.7331312573358777
v 1.2866082191467285 -3.0596976337834025 1.1514468331243854
v 1.8051508665084839 -1.1820144722554589 2.790435574586178
v 1.2866082191467285 -3.0596976337834025 1.1514468331243854
v 1.9953200817108154 -1.3381592538989353 0.7331312573358777
v 1.2866082191467285 -3.0596976337834025 1.1514468331243854
v 1.8051508665084839 -1.1820144722554589 2.790435574586178
v 1.2220162153244019 -2.6650932722885883 3.181981282973001
v 0.9988166689872742 1.103168900367742 -4.7921906688451
v 1.4797532558441162 -0.12471539593885012 -3.456091131972741
v 0.9666898846626282 -0.06713991671970979 -4.821721233099797
v 1.4797532558441162 -0.12471539593885012 -3.456091131972741
v 0.9988166689872742 1.103168900367742 -4.7921906688451
v 1.4061248302459717 1.3267445588785558 -3.4749619121813495
v 1.8829001188278198 2.1320241137614264 0.8870136359389749
v 2.176246404647827 0.15377453491717258 0.6644801114116077
v 1.8236130475997925 1.9734403221365977 -1.5208569373626615
v 1.8236130475997925 1.9734403221365977 -1.5208569373626615
v 2.176246404647827 0.15377453491717258 0.6644801114116077
v 2.005922794342041 -0.3181596790417544 -1.4836910772650347
v 1.8360131978988647 0.3478090070416726 2.646675904392465
v 1.8829001188278198 2.1320241137614264 0.8870136359389749
v 1.5871132612228394 1.9367666315521361 2.744657408368302
v 1.8829001188278198 2.1320241137614264 0.8870136359389749
v 1.8360131978988647 0.3478090070416726 2.646675904392465
v 2.176246404647827 0.15377453491717258 0.6644801114116077
v 0.62356036901474 -1.2632474667696105 -4.972708178739088
v -9.103980858071736e-8 -0.7543294405317819 -6.617846845548418
v 0.3746435046195984 -0.4943127100633369 -6.6178468366484235
v -9.103980858071736e-8 -0.7543294405317819 -6.617846845548418
v 0.62356036901474 -1.2632474667696105 -4.972708178739088
v -9.268390499528323e-8 -2.3630538529546032 -5.093246923805845
v -9.103980858071736e-8 1.1967883062714892 -6.6178467787645
v 0.6147232055664062 1.9623930775600547 -4.977813086771097
v 0.3746435046195984 0.7357003799304441 -6.6178467945468675
v -9.103980858071736e-8 1.1967883062714892 -6.6178467787645
v -9.268389078442851e-8 2.843008285448882 -5.08462457641042
v 0.6147232055664062 1.9623930775600547 -4.977813086771097
v 0.9666898846626282 -0.06713991671970979 -4.821721233099797
v 0.3746435046195984 -0.4943127100633369 -6.6178468366484235
v 0.5138043165206909 0.15718583867506317 -6.617846814348578
v 0.3746435046195984 -0.4943127100633369 -6.6178468366484235
v 0.9666898846626282 -0.06713991671970979 -4.821721233099797
v 0.62356036901474 -1.2632474667696105 -4.972708178739088
v 0.3746435046195984 0.7357003799304441 -6.6178467945468675
v 0.9988166689872742 1.103168900367742 -4.7921906688451
v 0.9666898846626282 -0.06713991671970979 -4.821721233099797
v 0.3746435046195984 0.7357003799304441 -6.6178467945468675
v 0.9666898846626282 -0.06713991671970979 -4.821721233099797
v 0.5138043165206909 0.15718583867506317 -6.617846814348578
v 0.3746435046195984 -0.4943127100633369 -6.6178468366484235
v -9.37962880698251e-8 -1.0813586927791905 -7.329941139314005
v 0.40894386172294617 -0.6436312564374999 -7.329941124331232
v -9.37962880698251e-8 -1.0813586927791905 -7.329941139314005
v 0.3746435046195984 -0.4943127100633369 -6.6178468366484235
v -9.103980858071736e-8 -0.7543294405317819 -6.617846845548418
v -9.103980858071736e-8 1.1967883062714892 -6.6178467787645
v 0.3304821252822876 0.9580028335239189 -7.329941069509632
v -9.37962880698251e-8 1.395729673819182 -7.32994105452688
v 0.3304821252822876 0.9580028335239189 -7.329941069509632
v -9.103980858071736e-8 1.1967883062714892 -6.6178467787645
v 0.3746435046195984 0.7357003799304441 -6.6178467945468675
v 0.39206063747406006 0.15718585024666482 -7.1735871517717085
v 0.5138043165206909 0.15718583867506317 -6.617846814348578
v 0.3746435046195984 -0.4943127100633369 -6.6178468366484235
v 0.3746435046195984 -0.4943127100633369 -6.6178468366484235
v 0.40894386172294617 -0.6436312564374999 -7.329941124331232
v 0.39206063747406006 0.15718585024666482 -7.1735871517717085
v 0.3746435046195984 0.7357003799304441 -6.6178467945468675
v 0.39206063747406006 0.15718585024666482 -7.1735871517717085
v 0.3304821252822876 0.9580028335239189 -7.329941069509632
v 0.39206063747406006 0.15718585024666482 -7.1735871517717085
v 0.3746435046195984 0.7357003799304441 -6.6178467945468675
v 0.5138043165206909 0.15718583867506317 -6.617846814348578
v 0.17777390778064728 -1.8299700671050043 -8.797886213569218
v -9.37962880698251e-8 -1.0813586927791905 -7.329941139314005
v -9.268389078442851e-8 -2.33062214869333 -8.09931504947772
v 0.17777390778064728 -1.8299700671050043 -8.797886213569218
v 0.40894386172294617 -0.6436312564374999 -7.329941124331232
v -9.37962880698251e-8 -1.0813586927791905 -7.329941139314005
v 0.14438658952713013 2.2683173794066054 -8.926216299611141
v -9.268386236271908e-8 3.6591426089197614 -9.087269904024328
v -9.268389078442851e-8 2.8052192874791277 -8.213761509782657
v 0.19569607079029083 0.1571856525725791 -8.363952902348032
v 0.39206063747406006 0.15718585024666482 -7.1735871517717085
v 0.40894386172294617 -0.6436312564374999 -7.329941124331232
v 0.40894386172294617 -0.6436312564374999 -7.329941124331232
v 0.17777390778064728 -1.8299700671050043 -8.797886213569218
v 0.19569607079029083 0.1571856525725791 -8.363952902348032
v 0.3304821252822876 0.9580028335239189 -7.329941069509632
v 0.19569607079029083 0.1571856525725791 -8.363952902348032
v 0.14438658952713013 2.2683173794066054 -8.926216299611141
v 0.19569607079029083 0.1571856525725791 -8.363952902348032
v 0.3304821252822876 0.9580028335239189 -7.329941069509632
v 0.39206063747406006 0.15718585024666482 -7.1735871517717085
v -9.268386236271908e-8 -1.8176685794663712 -10.055677689260826
v 0.17777390778064728 -1.8299700671050043 -8.797886213569218
v -9.268386236271908e-8 -2.8971265660395327 -9.318115571889347
v -9.268386236271908e-8 -2.8971265660395327 -9.318115571889347
v 0.17777390778064728 -1.8299700671050043 -8.797886213569218
v -9.268391920613794e-8 -2.9351772329551564 -8.831160900833634
v -9.268386236271908e-8 3.211498890791315 -9.77137195434135
v -9.268386236271908e-8 3.6591426089197614 -9.087269904024328
v 0.14438658952713013 2.2683173794066054 -8.926216299611141
v 0.14438658952713013 2.2683173794066054 -8.926216299611141
v -9.268386236271908e-8 2.1320421269938805 -9.93022170203891
v -9.268386236271908e-8 3.211498890791315 -9.77137195434135
v 0.19569607079029083 0.1571856525725791 -8.363952902348032
v 0.17777390778064728 -1.8299700671050043 -8.797886213569218
v -9.268386236271908e-8 0.15718569342406769 -9.557444797226523
v 0.17777390778064728 -1.8299700671050043 -8.797886213569218
v -9.268386236271908e-8 -1.8176685794663712 -10.055677689260826
v -9.268386236271908e-8 0.15718569342406769 -9.557444797226523
v 0.14438658952713013 2.2683173794066054 -8.926216299611141
v -9.268386236271908e-8 0.15718569342406769 -9.557444797226523
v -9.268386236271908e-8 2.1320421269938805 -9.93022170203891
v -9.268386236271908e-8 0.15718569342406769 -9.557444797226523
v 0.14438658952713013 2.2683173794066054 -8.926216299611141
v 0.19569607079029083 0.1571856525725791 -8.363952902348032
v -9.268389078442851e-8 -1.184755555299538 5.827177680937284
v -9.268386236271908e-8 -2.0676011372102385 5.007590448089668
v 0.42554816603660583 -1.1319553770493826 5.782489936318831
v 0.42554816603660583 -1.1319553770493826 5.782489936318831
v -9.268386236271908e-8 -2.0676011372102385 5.007590448089668
v 0.695231020450592 -1.6647450394729262 5.007590461878845
v 0.695231020450592 -1.6647450394729262 5.007590461878845
v 1.1315257549285889 -0.7347113867028582 4.9834320167562485
v 0.42554816603660583 -1.1319553770493826 5.782489936318831
v 1.1315257549285889 -0.7347113867028582 4.9834320167562485
v 0.7008371353149414 -0.6353198357639981 5.722204387144125
v 0.42554816603660583 -1.1319553770493826 5.782489936318831
v 0.5971118211746216 -0.04019130942264493 5.85115499895643
v -9.268391920613794e-8 -0.3106117362446885 6.4029909846057365
v 0.23666147887706757 -0.44219544734964167 6.261683154128031
v -9.268391920613794e-8 -0.3106117362446885 6.4029909846057365
v 0.5971118211746216 -0.04019130942264493 5.85115499895643
v -9.268389078442851e-8 0.12819132736364902 6.1302821161374865
v -9.268389078442851e-8 -1.184755555299538 5.827177680937284
v 0.17494605481624603 -0.9638196320386179 6.116972600455341
v -9.268391920613794e-8 -0.9904524184537158 6.161659869132324
v 0.17494605481624603 -0.9638196320386179 6.116972600455341
v -9.268389078442851e-8 -1.184755555299538 5.827177680937284
v 0.42554816603660583 -1.1319553770493826 5.782489936318831
v 0.3479003608226776 -0.7030074703558369 5.904955557313425
v 0.5971118211746216 -0.04019130942264493 5.85115499895643
v 0.23666147887706757 -0.44219544734964167 6.261683154128031
v 0.5971118211746216 -0.04019130942264493 5.85115499895643
v 0.3479003608226776 -0.7030074703558369 5.904955557313425
v 0.7008371353149414 -0.6353198357639981 5.722204387144125
v 0.3479003608226776 -0.7030074703558369 5.904955557313425
v 0.42554816603660583 -1.1319553770493826 5.782489936318831
v 0.7008371353149414 -0.6353198357639981 5.722204387144125
v 0.42554816603660583 -1.1319553770493826 5.782489936318831
v 0.3479003608226776 -0.7030074703558369 5.904955557313425
v 0.17494605481624603 -0.9638196320386179 6.116972600455341
v 0.5971118211746216 -0.04019130942264493 5.85115499895643
v 1.1315257549285889 -0.7347113867028582 4.9834320167562485
v 1.2103707790374756 0.5395385115825807 4.960335976567785
v 1.1315257549285889 -0.7347113867028582 4.9834320167562485
v 0.5971118211746216 -0.04019130942264493 5.85115499895643
v 0.7008371353149414 -0.6353198357639981 5.722204387144125
v 1.8360131978988647 0.3478090070416726 2.646675904392465
v 1.2103707790374756 0.5395385115825807 4.960335976567785
v 1.1315257549285889 -0.7347113867028582 4.9834320167562485
v 1.8360131978988647 0.3478090070416726 2.646675904392465
v 1.1315257549285889 -0.7347113867028582 4.9834320167562485
v 1.8051508665084839 -1.1820144722554589 2.790435574586178
v 1.9953200817108154 -1.3381592538989353 0.7331312573358777
v 2.005922794342041 -0.3181596790417544 -1.4836910772650347
v 2.176246404647827 0.15377453491717258 0.6644801114116077
v -9.268391920613794e-8 -0.7103798500758445 5.92451160192393
v -0.17494605481624603 -0.9638196320386179 6.116972600455341
v -9.268391920613794e-8 -0.9904524184537158 6.161659869132324
v -9.268391920613794e-8 -0.7103798500758445 5.92451160192393
v -9.268391920613794e-8 -0.9904524184537158 6.161659869132324
v 0.17494605481624603 -0.9638196320386179 6.116972600455341
v 0.3479003608226776 -0.7030074703558369 5.904955557313425
v -9.268391920613794e-8 -0.7103798500758445 5.92451160192393
v 0.17494605481624603 -0.9638196320386179 6.116972600455341
v 0.23666147887706757 -0.44219544734964167 6.261683154128031
v -9.268391920613794e-8 -0.7103798500758445 5.92451160192393
v 0.3479003608226776 -0.7030074703558369 5.904955557313425
v 1.5871132612228394 1.9367666315521361 2.744657408368302
v 1.0257251262664795 3.475828346873943 3.2337993853760842
v 0.9162267446517944 2.575984168948227 4.376394606604054
v 1.5871132612228394 1.9367666315521361 2.744657408368302
v 0.9162267446517944 2.575984168948227 4.376394606604054
v 1.1722087860107422 1.676546048130318 4.6343043417699965
v 1.1621949672698975 3.934250668766003 -1.2534703237275402
v 1.1852070093154907 4.087792368471327 1.6212985555256725
v 1.8829001188278198 2.1320241137614264 0.8870136359389749
v 1.1621949672698975 3.934250668766003 -1.2534703237275402
v 1.8829001188278198 2.1320241137614264 0.8870136359389749
v 1.8236130475997925 1.9734403221365977 -1.5208569373626615
v 0.8975592851638794 3.1217843836726313 -3.300809482433155
v 1.1621949672698975 3.934250668766003 -1.2534703237275402
v 1.8236130475997925 1.9734403221365977 -1.5208569373626615
v 0.8975592851638794 3.1217843836726313 -3.300809482433155
v 1.8236130475997925 1.9734403221365977 -1.5208569373626615
v 1.4061248302459717 1.3267445588785558 -3.4749619121813495
v 1.2220162153244019 -2.6650932722885883 3.181981282973001
v -9.268391210071059e-8 -4.260801771238406 1.5734195291862614
v 1.2866082191467285 -3.0596976337834025 1.1514468331243854
v -9.268391210071059e-8 -4.260801771238406 1.5734195291862614
v 1.2220162153244019 -2.6650932722885883 3.181981282973001
v -9.26838765735738e-8 -3.3959382255052493 3.290504623078096
v 1.2220162153244019 -2.6650932722885883 3.181981282973001
v 1.8051508665084839 -1.1820144722554589 2.790435574586178
v 0.695231020450592 -1.6647450394729262 5.007590461878845
v 1.8051508665084839 -1.1820144722554589 2.790435574586178
v 1.1315257549285889 -0.7347113867028582 4.9834320167562485
v 0.695231020450592 -1.6647450394729262 5.007590461878845
v 1.1722087860107422 1.676546048130318 4.6343043417699965
v 1.8360131978988647 0.3478090070416726 2.646675904392465
v 1.5871132612228394 1.9367666315521361 2.744657408368302
v 1.8360131978988647 0.3478090070416726 2.646675904392465
v 1.1722087860107422 1.676546048130318 4.6343043417699965
v 1.2103707790374756 0.5395385115825807 4.960335976567785
v 2.176246404647827 0.15377453491717258 0.6644801114116077
v 1.8360131978988647 0.3478090070416726 2.646675904392465
v 1.8051508665084839 -1.1820144722554589 2.790435574586178
v 2.176246404647827 0.15377453491717258 0.6644801114116077
v 1.8051508665084839 -1.1820144722554589 2.790435574586178
v 1.9953200817108154 -1.3381592538989353 0.7331312573358777
v 1.5871132612228394 1.9367666315521361 2.744657408368302
v 1.1852070093154907 4.087792368471327 1.6212985555256725
v 1.0257251262664795 3.475828346873943 3.2337993853760842
v 1.1852070093154907 4.087792368471327 1.6212985555256725
v 1.5871132612228394 1.9367666315521361 2.744657408368302
v 1.8829001188278198 2.1320241137614264 0.8870136359389749
v -9.268391920613794e-8 -3.3311420313550495 -3.2961421829441155
v -9.268390499528323e-8 -2.3630538529546032 -5.093246923805845
v 0.9635407328605652 -2.1353598842432384 -3.3966682330100184
v 0.62356036901474 -1.2632474667696105 -4.972708178739088
v 0.9635407328605652 -2.1353598842432384 -3.3966682330100184
v -9.268390499528323e-8 -2.3630538529546032 -5.093246923805845
v -9.268389078442851e-8 2.843008285448882 -5.08462457641042
v 0.8975592851638794 3.1217843836726313 -3.300809482433155
v 0.6147232055664062 1.9623930775600547 -4.977813086771097
v -9.268389078442851e-8 2.843008285448882 -5.08462457641042
v -9.268391210071059e-8 4.294279474735066 -3.4314311095060033
v 0.8975592851638794 3.1217843836726313 -3.300809482433155
v 2.005922794342041 -0.3181596790417544 -1.4836910772650347
v 0.9635407328605652 -2.1353598842432384 -3.3966682330100184
v 1.4797532558441162 -0.12471539593885012 -3.456091131972741
v 2.005922794342041 -0.3181596790417544 -1.4836910772650347
v 1.1955486536026 -2.9967490828999757 -1.4104726469993865
v 0.9635407328605652 -2.1353598842432384 -3.3966682330100184
v 1.8236130475997925 1.9734403221365977 -1.5208569373626615
v 2.005922794342041 -0.3181596790417544 -1.4836910772650347
v 1.4061248302459717 1.3267445588785558 -3.4749619121813495
v 1.4061248302459717 1.3267445588785558 -3.4749619121813495
v 2.005922794342041 -0.3181596790417544 -1.4836910772650347
v 1.4797532558441162 -0.12471539593885012 -3.456091131972741
v 0.6147232055664062 1.9623930775600547 -4.977813086771097
v 0.8975592851638794 3.1217843836726313 -3.300809482433155
v 1.4061248302459717 1.3267445588785558 -3.4749619121813495
v 0.6147232055664062 1.9623930775600547 -4.977813086771097
v 1.4061248302459717 1.3267445588785558 -3.4749619121813495
v 0.9988166689872742 1.103168900367742 -4.7921906688451
v 1.829323172569275 1.1372300545530458 3.2868440995036154
v 1.703973412513733 1.412800908905872 3.4522202896462684
v 1.7419389486312866 1.1082118796581495 3.643479656829374
v 1.829323172569275 1.1372300545530458 3.2868440995036154
v 1.7419389486312866 1.1082118796581495 3.643479656829374
v 1.774742603302002 0.8433071570349681 3.474554845041923
v 1.774742603302002 0.8433071570349681 3.474554845041923
v 1.7419389486312866 1.1082118796581495 3.643479656829374
v 1.7188600301742554 0.8400687069838463 3.7842972850431558
v 1.441969394683838 1.5048936435455547 3.8806575111048796
v 1.4915937185287476 0.971237174017398 4.16890459143179
v 1.6229101419448853 1.3711429727409383 3.830230071424233
v 1.6229101419448853 1.3711429727409383 3.830230071424233
v 1.4915937185287476 0.971237174017398 4.16890459143179
v 1.6577394008636475 1.080251449198106 3.9871180642150685
v 1.54425847530365 1.5765811183541492 3.3747442732764323
v 1.6229101419448853 1.3711429727409383 3.830230071424233
v 1.703973412513733 1.412800908905872 3.4522202896462684
v 1.6229101419448853 1.3711429727409383 3.830230071424233
v 1.54425847530365 1.5765811183541492 3.3747442732764323
v 1.441969394683838 1.5048936435455547 3.8806575111048796
v 1.7764747142791748 1.1065620425730176 3.075948090505321
v 1.54425847530365 1.5765811183541492 3.3747442732764323
v 1.829323172569275 1.1372300545530458 3.2868440995036154
v 1.829323172569275 1.1372300545530458 3.2868440995036154
v 1.54425847530365 1.5765811183541492 3.3747442732764323
v 1.703973412513733 1.412800908905872 3.4522202896462684
v 1.7009186744689941 0.6418630183972869 3.3727534462150377
v 1.7764747142791748 1.1065620425730176 3.075948090505321
v 1.774742603302002 0.8433071570349681 3.474554845041923
v 1.774742603302002 0.8433071570349681 3.474554845041923
v 1.7764747142791748 1.1065620425730176 3.075948090505321
v 1.829323172569275 1.1372300545530458 3.2868440995036154
v 1.4915937185287476 0.971237174017398 4.16890459143179
v 1.7188600301742554 0.8400687069838463 3.7842972850431558
v 1.6577394008636475 1.080251449198106 3.9871180642150685
v 1.7188600301742554 0.8400687069838463 3.7842972850431558
v 1.4915937185287476 0.971237174017398 4.16890459143179
v 1.569288969039917 0.5877253561197855 3.8687899569243935
v 1.569288969039917 0.5877253561197855 3.8687899569243935
v 1.774742603302002 0.8433071570349681 3.474554845041923
v 1.7188600301742554 0.8400687069838463 3.7842972850431558
v 1.774742603302002 0.8433071570349681 3.474554845041923
v 1.569288969039917 0.5877253561197855 3.8687899569243935
v 1.7009186744689941 0.6418630183972869 3.3727534462150377
v 0.1600601226091385 5.322450452911956 -1.9969617215766076
v 0.16715574264526367 5.569524506277257 -0.08700669417071438
v 0.23291759192943573 4.569134539500538 -1.599685717067786
v 0.23291759192943573 4.569134539500538 -1.599685717067786
v 0.16715574264526367 5.569524506277257 -0.08700669417071438
v 0.27764028310775757 4.960741740057243 0.4624834795774553
v 0.1600601077079773 4.604474932645466 -4.0891726230057905
v 0.1600601226091385 5.322450452911956 -1.9969617215766076
v 0.23291757702827454 3.6063098124317468 -3.3948918181275216
v 0.23291757702827454 3.6063098124317468 -3.3948918181275216
v 0.1600601226091385 5.322450452911956 -1.9969617215766076
v 0.23291759192943573 4.569134539500538 -1.599685717067786
v 0.1600601077079773 3.7212181093019 -5.802809231317113
v -9.268386946814644e-8 4.866491318912465 -6.9770757286896155
v -9.26838765735738e-8 5.6026400528592095 -4.783454143139773
v 0.1600601077079773 3.7212181093019 -5.802809231317113
v -9.26838765735738e-8 5.6026400528592095 -4.783454143139773
v 0.1600601077079773 4.604474932645466 -4.0891726230057905
v 0.1600601077079773 -3.392730282653581 -4.287914087521911
v 0.10551074147224426 -2.1613481437142044 -5.734404283643005
v 0.1543501913547516 -1.852407173081385 -4.990783902861047
v 0.1600601077079773 -3.392730282653581 -4.287914087521911
v 0.1543501913547516 -1.852407173081385 -4.990783902861047
v 0.23291757702827454 -3.063673588728478 -3.276509834983507
v 0.1600600928068161 -4.187260492855231 -1.8302365364676532
v 0.23291757702827454 -3.063673588728478 -3.276509834983507
v 0.23291756212711334 -3.8719252436160643 -1.429692372819288
v 0.1600600928068161 -4.187260492855231 -1.8302365364676532
v 0.1600601077079773 -3.392730282653581 -4.287914087521911
v 0.23291757702827454 -3.063673588728478 -3.276509834983507
v 0.1600600928068161 -4.187260492855231 -1.8302365364676532
v 0.1600601077079773 -4.148325849204047 0.00033332513132799946
v -9.268389078442851e-8 -4.438992410521396 -0.2606696933095498
v 0.1600600928068161 -4.187260492855231 -1.8302365364676532
v -9.268389078442851e-8 -4.438992410521396 -0.2606696933095498
v -9.268386236271908e-8 -4.502595742094387 -2.2307809981392324
v -9.268389788985587e-8 -2.470288518300572 -6.478025379680656
v -0.10551074147224426 -2.1613481437142044 -5.734404283643005
v 0.10551074147224426 -2.1613481437142044 -5.734404283643005
v 0.23291756212711334 -3.857660003142427 0.2613368204093227
v -0.23291756212711334 -3.857660003142427 0.2613368204093227
v 0.1600601077079773 -4.148325849204047 0.00033332513132799946
v -0.23291756212711334 -3.857660003142427 0.2613368204093227
v -0.1600601077079773 -4.148325849204047 0.00033332513132799946
v 0.1600601077079773 -4.148325849204047 0.00033332513132799946
v -9.268386946814644e-8 -4.6136631894367355 2.328850904901527
v 0.23291759192943573 -3.9250883952519438 1.5459046070792422
v 0.23291759192943573 -3.1280937883437874 3.0633103307879317
v 0.23291759192943573 -3.9250883952519438 1.5459046070792422
v -9.268386946814644e-8 -4.6136631894367355 2.328850904901527
v -9.268389078442851e-8 -5.673606777750324 0.8271521876460595
v -9.268389078442851e-8 -5.673606777750324 0.8271521876460595
v -0.23291759192943573 -3.9250883952519438 1.5459046070792422
v 0.23291759192943573 -3.9250883952519438 1.5459046070792422
v 2.4091482162475586 -1.0679472363295932 1.5346353742823604
v 2.6122453212738037 -0.05376242895269645 1.2565625844995632
v 1.731580138206482 -0.5126097080748189 1.5636390124457082
v 3.7448012828826904 -0.465412335516996 0.6213151232046163
v 2.4091482162475586 -1.0679472363295932 1.5346353742823604
v 3.1839873790740967 -2.1998353382609475 1.2280319143324077
v 2.4091482162475586 -1.0679472363295932 1.5346353742823604
v 3.7448012828826904 -0.465412335516996 0.6213151232046163
v 2.6122453212738037 -0.05376242895269645 1.2565625844995632
v 3.7448012828826904 -0.465412335516996 0.6213151232046163
v 3.1839873790740967 -2.1998353382609475 1.2280319143324077
v 4.5214433670043945 -0.7751294219326625 -0.013337957103963127
v 3.7238171100616455 -2.716608529513691 0.791676320759517
v 4.5214433670043945 -0.7751294219326625 -0.013337957103963127
v 3.1839873790740967 -2.1998353382609475 1.2280319143324077
v 2.6122453212738037 -0.05376242895269645 1.2565625844995632
v 3.7448012828826904 -0.465412335516996 0.6213151232046163
v 3.8948347568511963 0.8747921669189147 0.28842538516885075
v 4.5214433670043945 -0.7751294219326625 -0.013337957103963127
v 4.917913436889648 1.7266744464205794 -0.5804731860735399
v 3.8948347568511963 0.8747921669189147 0.28842538516885075
v 4.5214433670043945 -0.7751294219326625 -0.013337957103963127
v 3.8948347568511963 0.8747921669189147 0.28842538516885075
v 3.7448012828826904 -0.465412335516996 0.6213151232046163
v 3.1839873790740967 -2.1998353382609475 1.2280319143324077
v 3.153404474258423 -2.199835331531748 1.0314357754317243
v 3.7238171100616455 -2.716608529513691 0.791676320759517
v 1.7009974718093872 -0.5126097013456277 1.367043111963596
v 2.6122453212738037 -0.05376242895269645 1.2565625844995632
v 2.581662893295288 -0.053761945386355176 1.0599664455988962
v 1.731580138206482 -0.5126097080748189 1.5636390124457082
v 2.6122453212738037 -0.05376242895269645 1.2565625844995632
v 1.7009974718093872 -0.5126097013456277 1.367043111963596
v 3.8642518520355225 0.8747924120666851 0.09182924626817535
v 2.581662893295288 -0.053761945386355176 1.0599664455988962
v 3.8948347568511963 0.8747921669189147 0.28842538516885075
v 2.6122453212738037 -0.05376242895269645 1.2565625844995632
v 3.8948347568511963 0.8747921669189147 0.28842538516885075
v 2.581662893295288 -0.053761945386355176 1.0599664455988962
v 1.7009974718093872 -0.5126097013456277 1.367043111963596
v 2.3785648345947266 -1.0679472296003938 1.338039235381677
v 1.731580138206482 -0.5126097080748189 1.5636390124457082
v 2.4091482162475586 -1.0679472363295932 1.5346353742823604
v 1.731580138206482 -0.5126097080748189 1.5636390124457082
v 2.3785648345947266 -1.0679472296003938 1.338039235381677
v 4.917913436889648 1.7266744464205794 -0.5804731860735399
v 3.8642518520355225 0.8747924120666851 0.09182924626817535
v 3.8948347568511963 0.8747921669189147 0.28842538516885075
v 2.3785648345947266 -1.0679472296003938 1.338039235381677
v 3.1839873790740967 -2.1998353382609475 1.2280319143324077
v 2.4091482162475586 -1.0679472363295932 1.5346353742823604
v 3.1839873790740967 -2.1998353382609475 1.2280319143324077
v 2.3785648345947266 -1.0679472296003938 1.338039235381677
v 3.153404474258423 -2.199835331531748 1.0314357754317243
v 2.581662893295288 -0.053761945386355176 1.0599664455988962
v 2.3785648345947266 -1.0679472296003938 1.338039235381677
v 1.7009974718093872 -0.5126097013456277 1.367043111963596
v 4.917913436889648 1.7266744464205794 -0.5804731860735399
v 4.5214433670043945 -0.7751294219326625 -0.013337957103963127
v 3.8642518520355225 0.8747924120666851 0.09182924626817535
v 4.5214433670043945 -0.7751294219326625 -0.013337957103963127
v 3.4425926208496094 -0.9490109098151756 0.649183614990446
v 3.8642518520355225 0.8747924120666851 0.09182924626817535
v 3.4425926208496094 -0.9490109098151756 0.649183614990446
v 2.581662893295288 -0.053761945386355176 1.0599664455988962
v 3.8642518520355225 0.8747924120666851 0.09182924626817535
v 2.581662893295288 -0.053761945386355176 1.0599664455988962
v 3.4425926208496094 -0.9490109098151756 0.649183614990446
v 2.3785648345947266 -1.0679472296003938 1.338039235381677
v 2.3785648345947266 -1.0679472296003938 1.338039235381677
v 3.4425926208496094 -0.9490109098151756 0.649183614990446
v 3.153404474258423 -2.199835331531748 1.0314357754317243
v 4.5214433670043945 -0.7751294219326625 -0.013337957103963127
v 3.7238171100616455 -2.716608529513691 0.791676320759517
v 3.4425926208496094 -0.9490109098151756 0.649183614990446
v 3.4425926208496094 -0.9490109098151756 0.649183614990446
v 3.7238171100616455 -2.716608529513691 0.791676320759517
v 3.153404474258423 -2.199835331531748 1.0314357754317243
v -9.26838765735738e-8 6.075767796834818 -2.394238232724843
v -9.268388367900116e-8 6.054193248707451 -0.8854702332435205
v 0.1600601226091385 5.322450452911956 -1.9969617215766076
v 0.16715574264526367 5.569524506277257 -0.08700669417071438
v 0.1600601226091385 5.322450452911956 -1.9969617215766076
v -9.268388367900116e-8 6.054193248707451 -0.8854702332435205
v -9.26838765735738e-8 5.6026400528592095 -4.783454143139773
v -9.26838765735738e-8 6.075767796834818 -2.394238232724843
v 0.1600601077079773 4.604474932645466 -4.0891726230057905
v 0.1600601077079773 4.604474932645466 -4.0891726230057905
v -9.26838765735738e-8 6.075767796834818 -2.394238232724843
v 0.1600601226091385 5.322450452911956 -1.9969617215766076
v 0.23291759192943573 2.5759448996913106 -4.628542018688896
v 0.1600601077079773 3.7212181093019 -5.802809231317113
v 0.1600601077079773 4.604474932645466 -4.0891726230057905
v 0.23291759192943573 2.5759448996913106 -4.628542018688896
v 0.1600601077079773 4.604474932645466 -4.0891726230057905
v 0.23291757702827454 3.6063098124317468 -3.3948918181275216
v -0.16715574264526367 5.569524506277257 -0.08700669417071438
v -0.27764028310775757 4.960741740057243 0.4624834795774553
v 0.27764028310775757 4.960741740057243 0.4624834795774553
v -0.16715574264526367 5.569524506277257 -0.08700669417071438
v 0.27764028310775757 4.960741740057243 0.4624834795774553
v 0.16715574264526367 5.569524506277257 -0.08700669417071438
v 0.1600601077079773 3.7212181093019 -5.802809231317113
v -0.1600601077079773 3.7212181093019 -5.802809231317113
v -9.268386946814644e-8 4.866491318912465 -6.9770757286896155
v -9.268386236271908e-8 -3.7217874534158177 -5.2993185784789025
v -9.268389788985587e-8 -2.470288518300572 -6.478025379680656
v 0.10551074147224426 -2.1613481437142044 -5.734404283643005
v 0.10551074147224426 -2.1613481437142044 -5.734404283643005
v 0.1600601077079773 -3.392730282653581 -4.287914087521911
v -9.268386236271908e-8 -3.7217874534158177 -5.2993185784789025
v -9.268386236271908e-8 -4.502595742094387 -2.2307809981392324
v 0.1600601077079773 -3.392730282653581 -4.287914087521911
v 0.1600600928068161 -4.187260492855231 -1.8302365364676532
v -9.268386236271908e-8 -4.502595742094387 -2.2307809981392324
v -9.268386236271908e-8 -3.7217874534158177 -5.2993185784789025
v 0.1600601077079773 -3.392730282653581 -4.287914087521911
v 0.23291756212711334 -3.8719252436160643 -1.429692372819288
v 0.23291756212711334 -3.857660003142427 0.2613368204093227
v 0.1600601077079773 -4.148325849204047 0.00033332513132799946
v 0.1600601077079773 -4.148325849204047 0.00033332513132799946
v 0.1600600928068161 -4.187260492855231 -1.8302365364676532
v 0.23291756212711334 -3.8719252436160643 -1.429692372819288
v 1.224465250968933 0.9783577843851438 4.130105783952032
v 1.441969394683838 1.5048936435455547 3.8806575111048796
v 1.178406000137329 1.4736760701600964 3.862565832036214
v 1.441969394683838 1.5048936435455547 3.8806575111048796
v 1.224465250968933 0.9783577843851438 4.130105783952032
v 1.4915937185287476 0.971237174017398 4.16890459143179
v 1.2733466625213623 1.5378247485881669 3.390757893685671
v 1.441969394683838 1.5048936435455547 3.8806575111048796
v 1.54425847530365 1.5765811183541492 3.3747442732764323
v 1.441969394683838 1.5048936435455547 3.8806575111048796
v 1.2733466625213623 1.5378247485881669 3.390757893685671
v 1.178406000137329 1.4736760701600964 3.862565832036214
v 1.54425847530365 1.5765811183541492 3.3747442732764323
v 1.4888807535171509 1.103960417767384 3.1156671938235903
v 1.2733466625213623 1.5378247485881669 3.390757893685671
v 1.4888807535171509 1.103960417767384 3.1156671938235903
v 1.54425847530365 1.5765811183541492 3.3747442732764323
v 1.7764747142791748 1.1065620425730176 3.075948090505321
v 1.7764747142791748 1.1065620425730176 3.075948090505321
v 1.7009186744689941 0.6418630183972869 3.3727534462150377
v 1.4888807535171509 1.103960417767384 3.1156671938235903
v 1.7009186744689941 0.6418630183972869 3.3727534462150377
v 1.4187524318695068 0.6726454778803488 3.391149824202471
v 1.4888807535171509 1.103960417767384 3.1156671938235903
v 1.224465250968933 0.9783577843851438 4.130105783952032
v 1.2965788841247559 0.6223969005517683 3.851551341757844
v 1.4915937185287476 0.971237174017398 4.16890459143179
v 1.4915937185287476 0.971237174017398 4.16890459143179
v 1.2965788841247559 0.6223969005517683 3.851551341757844
v 1.569288969039917 0.5877253561197855 3.8687899569243935
v 1.4187524318695068 0.6726454778803488 3.391149824202471
v 1.569288969039917 0.5877253561197855 3.8687899569243935
v 1.2965788841247559 0.6223969005517683 3.851551341757844
v 1.569288969039917 0.5877253561197855 3.8687899569243935
v 1.4187524318695068 0.6726454778803488 3.391149824202471
v 1.7009186744689941 0.6418630183972869 3.3727534462150377
v 0.9162267446517944 2.575984168948227 4.376394606604054
v -9.268389078442851e-8 2.999275096640488 5.128994311518819
v -9.268386236271908e-8 1.8871597374321099 5.541698727099897
v -9.268386236271908e-8 1.8871597374321099 5.541698727099897
v 1.1722087860107422 1.676546048130318 4.6343043417699965
v 0.9162267446517944 2.575984168948227 4.376394606604054
v 1.0257251262664795 3.475828346873943 3.2337993853760842
v -9.268393341699266e-8 5.354811821549397 2.0251388884920587
v -9.26839760495568e-8 4.331820135591749 3.886628562557097
v -9.268393341699266e-8 5.354811821549397 2.0251388884920587
v 1.0257251262664795 3.475828346873943 3.2337993853760842
v 1.1852070093154907 4.087792368471327 1.6212985555256725
v -9.37962880698251e-8 1.395729673819182 -7.32994105452688
v -0.14438658952713013 2.2683173794066054 -8.926216299611141
v -0.3304821252822876 0.9580028335239189 -7.329941069509632
v -0.14438658952713013 2.2683173794066054 -8.926216299611141
v -9.37962880698251e-8 1.395729673819182 -7.32994105452688
v -9.268389078442851e-8 2.8052192874791277 -8.213761509782657
v 0.3304821252822876 0.9580028335239189 -7.329941069509632
v 0.14438658952713013 2.2683173794066054 -8.926216299611141
v -9.37962880698251e-8 1.395729673819182 -7.32994105452688
v -9.37962880698251e-8 1.395729673819182 -7.32994105452688
v 0.14438658952713013 2.2683173794066054 -8.926216299611141
v -9.268389078442851e-8 2.8052192874791277 -8.213761509782657
v -0.17777390778064728 -1.8299700671050043 -8.797886213569218
v -9.268391920613794e-8 -2.9351772329551564 -8.831160900833634
v -9.268389078442851e-8 -2.33062214869333 -8.09931504947772
v -9.268389078442851e-8 -2.33062214869333 -8.09931504947772
v -9.268391920613794e-8 -2.9351772329551564 -8.831160900833634
v 0.17777390778064728 -1.8299700671050043 -8.797886213569218
v 0.3746435046195984 0.7357003799304441 -6.6178467945468675
v 0.6147232055664062 1.9623930775600547 -4.977813086771097
v 0.9988166689872742 1.103168900367742 -4.7921906688451
v -0.9988166689872742 1.103168900367742 -4.7921906688451
v -0.6147232055664062 1.9623930775600547 -4.977813086771097
v -0.3746435046195984 0.7357003799304441 -6.6178467945468675
v -1.703973412513733 1.412800908905872 3.4522202896462684
v -1.829323172569275 1.1372300545530458 3.2868440995036154
v -1.7419389486312866 1.1082118796581495 3.643479656829374
v -1.829323172569275 1.1372300545530458 3.2868440995036154
v -1.774742603302002 0.8433071570349681 3.474554845041923
v -1.7419389486312866 1.1082118796581495 3.643479656829374
v -1.7419389486312866 1.1082118796581495 3.643479656829374
v -1.774742603302002 0.8433071570349681 3.474554845041923
v -1.7188600301742554 0.8400687069838463 3.7842972850431558
v 1.703973412513733 1.412800908905872 3.4522202896462684
v 1.6229101419448853 1.3711429727409383 3.830230071424233
v 1.7419389486312866 1.1082118796581495 3.643479656829374
v 1.6229101419448853 1.3711429727409383 3.830230071424233
v 1.6577394008636475 1.080251449198106 3.9871180642150685
v 1.7419389486312866 1.1082118796581495 3.643479656829374
v 1.7419389486312866 1.1082118796581495 3.643479656829374
v 1.6577394008636475 1.080251449198106 3.9871180642150685
v 1.7188600301742554 0.8400687069838463 3.7842972850431558
vt 0.3222222328186035 0.9166666865348816
vt 0.3222222328186035 0.9166666865348816
vt 0.3222222328186035 0.9166666865348816
vt 0.3222222328186035 0.9166666865348816
vt 0.3222222328186035 0.9166666865348816
vt 0.3222222328186035 0.9166666865348816
vt 0.3222222328186035 0.9166666865348816
vt 0.3222222328186035 0.9166666865348816
vt 0.3222222328186035 0.9166666865348816
vt 0.3222222328186035 0.9166666865348816
vt 0.3222222328186035 0.9166666865348816
vt 0.3222222328186035 0.9166666865348816
vt 0.6555555462837219 0.18333333730697632
vt 0.6555555462837219 0.18333333730697632
vt 0.6555555462837219 0.18333333730697632
vt 0.6555555462837219 0.18333333730697632
vt 0.6555555462837219 0.18333333730697632
vt 0.6555555462837219 0.18333333730697632
vt 0.4000000059604645 0.20277780294418335
vt 0.4000000059604645 0.20277780294418335
vt 0.4000000059604645 0.20277780294418335
vt 0.4000000059604645 0.20277780294418335
vt 0.4000000059604645 0.20277780294418335
vt 0.4000000059604645 0.20277780294418335
vt 0.4000000059604645 0.20277780294418335
vt 0.4000000059604645 0.20277780294418335
vt 0.4000000059604645 0.20277780294418335
vt 0.4000000059604645 0.20277780294418335
vt 0.4000000059604645 0.20277780294418335
vt 0.4000000059604645 0.20277780294418335
vt 0.9694444537162781 0.03611111640930176
vt 0.9694444537162781 0.03611111640930176
vt 0.9694444537162781 0.03611111640930176
vt 0.9694444537162781 0.03611111640930176
vt 0.9694444537162781 0.03611111640930176
vt 0.9694444537162781 0.03611111640930176
vt 0.06111111119389534 0.5388889312744141
vt 0.06111111119389534 0.5388889312744141
vt 0.06111111119389534 0.5388889312744141
vt 0.06111111119389534 0.5388889312744141
vt 0.06111111119389534 0.5388889312744141
vt 0.06111111119389534 0.5388889312744141
vt 0.06111111119389534 0.5388889312744141
vt 0.06111111119389534 0.5388889312744141
vt 0.06111111119389534 0.5388889312744141
vt 0.06111111119389534 0.5388889312744141
vt 0.06111111119389534 0.5388889312744141
vt 0.06111111119389534 0.5388889312744141
vt 0.06111111119389534 0.5388889312744141
vt 0.06111111119389534 0.5388889312744141
vt 0.06111111119389534 0.5388889312744141
vt 0.06111111119389534 0.5388889312744141
vt 0.06111111119389534 0.5388889312744141
vt 0.06111111119389534 0.5388889312744141
vt 0.06111111119389534 0.5388889312744141
vt 0.06111111119389534 0.5388889312744141
vt 0.06111111119389534 0.5388889312744141
vt 0.06111111119389534 0.5388889312744141
vt 0.06111111119389534 0.5388889312744141
vt 0.06111111119389534 0.5388889312744141
vt 0.699999988079071 0.12222224473953247
vt 0.699999988079071 0.12222224473953247
vt 0.699999988079071 0.12222224473953247
vt 0.699999988079071 0.12222224473953247
vt 0.699999988079071 0.12222224473953247
vt 0.699999988079071 0.12222224473953247
vt 0.06111111119389534 0.5388889312744141
vt 0.06111111119389534 0.5388889312744141
vt 0.06111111119389534 0.5388889312744141
vt 0.06111111119389534 0.5388889312744141
vt 0.06111111119389534 0.5388889312744141
vt 0.06111111119389534 0.5388889312744141
vt 0.06111111119389534 0.5388889312744141
vt 0.06111111119389534 0.5388889312744141
vt 0.06111111119389534 0.5388889312744141
vt 0.06111111119389534 0.5388889312744141
vt 0.06111111119389534 0.5388889312744141
vt 0.06111111119389534 0.5388889312744141
vt 0.699999988079071 0.12222224473953247
vt 0.699999988079071 0.12222224473953247
vt 0.699999988079071 0.12222224473953247
vt 0.699999988079071 0.12222224473953247
vt 0.699999988079071 0.12222224473953247
vt 0.699999988079071 0.12222224473953247
vt 0.6555555462837219 0.18333333730697632
vt 0.6555555462837219 0.18333333730697632
vt 0.6555555462837219 0.18333333730697632
vt 0.6555555462837219 0.18333333730697632
vt 0.6555555462837219 0.18333333730697632
vt 0.6555555462837219 0.18333333730697632
vt 0.9694444537162781 0.03611111640930176
vt 0.9694444537162781 0.03611111640930176
vt 0.9694444537162781 0.03611111640930176
vt 0.9694444537162781 0.03611111640930176
vt 0.9694444537162781 0.03611111640930176
vt 0.9694444537162781 0.03611111640930176
vt 0.699999988079071 0.12222224473953247
vt 0.699999988079071 0.12222224473953247
vt 0.699999988079071 0.12222224473953247
vt 0.699999988079071 0.12222224473953247
vt 0.699999988079071 0.12222224473953247
vt 0.699999988079071 0.12222224473953247
vt 0.699999988079071 0.12222224473953247
vt 0.699999988079071 0.12222224473953247
vt 0.699999988079071 0.12222224473953247
vt 0.699999988079071 0.12222224473953247
vt 0.699999988079071 0.12222224473953247
vt 0.699999988079071 0.12222224473953247
vt 0.3222222328186035 0.9166666865348816
vt 0.3222222328186035 0.9166666865348816
vt 0.3222222328186035 0.9166666865348816
vt 0.3222222328186035 0.9166666865348816
vt 0.3222222328186035 0.9166666865348816
vt 0.3222222328186035 0.9166666865348816
vt 0.4000000059604645 0.20277780294418335
vt 0.4000000059604645 0.20277780294418335
vt 0.4000000059604645 0.20277780294418335
vt 0.4000000059604645 0.20277780294418335
vt 0.4000000059604645 0.20277780294418335
vt 0.4000000059604645 0.20277780294418335
vt 0.06111111119389534 0.5388889312744141
vt 0.06111111119389534 0.5388889312744141
vt 0.06111111119389534 0.5388889312744141
vt 0.06111111119389534 0.5388889312744141
vt 0.06111111119389534 0.5388889312744141
vt 0.06111111119389534 0.5388889312744141
vt 0.06111111119389534 0.5388889312744141
vt 0.06111111119389534 0.5388889312744141
vt 0.06111111119389534 0.5388889312744141
vt 0.06111111119389534 0.5388889312744141
vt 0.06111111119389534 0.5388889312744141
vt 0.06111111119389534 0.5388889312744141
vt 0.3222222328186035 0.9166666865348816
vt 0.3222222328186035 0.9166666865348816
vt 0.3222222328186035 0.9166666865348816
vt 0.3222222328186035 0.9166666865348816
vt 0.3222222328186035 0.9166666865348816
vt 0.3222222328186035 0.9166666865348816
vt 0.4000000059604645 0.20277780294418335
vt 0.4000000059604645 0.20277780294418335
vt 0.4000000059604645 0.20277780294418335
vt 0.06111111119389534 0.5388889312744141
vt 0.06111111119389534 0.5388889312744141
vt 0.06111111119389534 0.5388889312744141
vt 0.06111111119389534 0.5388889312744141
vt 0.06111111119389534 0.5388889312744141
vt 0.06111111119389534 0.5388889312744141
vt 0.06111111119389534 0.5388889312744141
vt 0.06111111119389534 0.5388889312744141
vt 0.06111111119389534 0.5388889312744141
vt 0.06111111119389534 0.5388889312744141
vt 0.06111111119389534 0.5388889312744141
vt 0.06111111119389534 0.5388889312744141
vt 0.6805555820465088 0.9111111164093018
vt 0.6805555820465088 0.9111111164093018
vt 0.6805555820465088 0.9111111164093018
vt 0.6805555820465088 0.9111111164093018
vt 0.6805555820465088 0.9111111164093018
vt 0.6805555820465088 0.9111111164093018
vt 0.6805555820465088 0.9111111164093018
vt 0.6805555820465088 0.9111111164093018
vt 0.6805555820465088 0.9111111164093018
vt 0.6805555820465088 0.9111111164093018
vt 0.6805555820465088 0.9111111164093018
vt 0.6805555820465088 0.9111111164093018
vt 0.6805555820465088 0.9111111164093018
vt 0.6805555820465088 0.9111111164093018
vt 0.6805555820465088 0.9111111164093018
vt 0.6805555820465088 0.9111111164093018
vt 0.6805555820465088 0.9111111164093018
vt 0.6805555820465088 0.9111111164093018
vt 0.6805555820465088 0.9111111164093018
vt 0.6805555820465088 0.9111111164093018
vt 0.6805555820465088 0.9111111164093018
vt 0.6805555820465088 0.9111111164093018
vt 0.6805555820465088 0.9111111164093018
vt 0.6805555820465088 0.9111111164093018
vt 0.3222222328186035 0.9166666865348816
vt 0.3222222328186035 0.9166666865348816
vt 0.3222222328186035 0.9166666865348816
vt 0.3222222328186035 0.9166666865348816
vt 0.3222222328186035 0.9166666865348816
vt 0.3222222328186035 0.9166666865348816
vt 0.06111111119389534 0.5388889312744141
vt 0.06111111119389534 0.5388889312744141
vt 0.06111111119389534 0.5388889312744141
vt 0.06111111119389534 0.5388889312744141
vt 0.06111111119389534 0.5388889312744141
vt 0.06111111119389534 0.5388889312744141
vt 0.4000000059604645 0.20277780294418335
vt 0.4000000059604645 0.20277780294418335
vt 0.4000000059604645 0.20277780294418335
vt 0.4000000059604645 0.20277780294418335
vt 0.4000000059604645 0.20277780294418335
vt 0.4000000059604645 0.20277780294418335
vt 0.3222222328186035 0.9166666865348816
vt 0.3222222328186035 0.9166666865348816
vt 0.3222222328186035 0.9166666865348816
vt 0.3222222328186035 0.9166666865348816
vt 0.3222222328186035 0.9166666865348816
vt 0.3222222328186035 0.9166666865348816
vt 0.06111111119389534 0.5388889312744141
vt 0.06111111119389534 0.5388889312744141
vt 0.06111111119389534 0.5388889312744141
vt 0.06111111119389534 0.5388889312744141
vt 0.06111111119389534 0.5388889312744141
vt 0.06111111119389534 0.5388889312744141
vt 0.3222222328186035 0.9166666865348816
vt 0.3222222328186035 0.9166666865348816
vt 0.3222222328186035 0.9166666865348816
vt 0.3222222328186035 0.9166666865348816
vt 0.3222222328186035 0.9166666865348816
vt 0.3222222328186035 0.9166666865348816
vt 0.06111111119389534 0.5388889312744141
vt 0.06111111119389534 0.5388889312744141
vt 0.06111111119389534 0.5388889312744141
vt 0.06111111119389534 0.5388889312744141
vt 0.06111111119389534 0.5388889312744141
vt 0.06111111119389534 0.5388889312744141
vt 0.06111111119389534 0.5388889312744141
vt 0.06111111119389534 0.5388889312744141
vt 0.06111111119389534 0.5388889312744141
vt 0.06111111119389534 0.5388889312744141
vt 0.06111111119389534 0.5388889312744141
vt 0.06111111119389534 0.5388889312744141
vt 0.06111111119389534 0.5388889312744141
vt 0.06111111119389534 0.5388889312744141
vt 0.06111111119389534 0.5388889312744141
vt 0.6805555820465088 0.9111111164093018
vt 0.6805555820465088 0.9111111164093018
vt 0.6805555820465088 0.9111111164093018
vt 0.6805555820465088 0.9111111164093018
vt 0.6805555820465088 0.9111111164093018
vt 0.6805555820465088 0.9111111164093018
vt 0.06111111119389534 0.5388889312744141
vt 0.06111111119389534 0.5388889312744141
vt 0.06111111119389534 0.5388889312744141
vt 0.06111111119389534 0.5388889312744141
vt 0.06111111119389534 0.5388889312744141
vt 0.06111111119389534 0.5388889312744141
vt 0.06111111119389534 0.5388889312744141
vt 0.06111111119389534 0.5388889312744141
vt 0.06111111119389534 0.5388889312744141
vt 0.06111111119389534 0.5388889312744141
vt 0.06111111119389534 0.5388889312744141
vt 0.06111111119389534 0.5388889312744141
vt 0.699999988079071 0.12222224473953247
vt 0.699999988079071 0.12222224473953247
vt 0.699999988079071 0.12222224473953247
vt 0.699999988079071 0.12222224473953247
vt 0.699999988079071 0.12222224473953247
vt 0.699999988079071 0.12222224473953247
vt 0.6555555462837219 0.18333333730697632
vt 0.6555555462837219 0.18333333730697632
vt 0.6555555462837219 0.18333333730697632
vt 0.6555555462837219 0.18333333730697632
vt 0.6555555462837219 0.18333333730697632
vt 0.6555555462837219 0.18333333730697632
vt 0.06111111119389534 0.5388889312744141
vt 0.06111111119389534 0.5388889312744141
vt 0.06111111119389534 0.5388889312744141
vt 0.06111111119389534 0.5388889312744141
vt 0.06111111119389534 0.5388889312744141
vt 0.06111111119389534 0.5388889312744141
vt 0.341438353061676 0.6448250412940979
vt 0.341438353061676 0.6448250412940979
vt 0.341438353061676 0.6448250412940979
vt 0.341438353061676 0.6448250412940979
vt 0.341438353061676 0.6448250412940979
vt 0.341438353061676 0.6448250412940979
vt 0.699999988079071 0.12222224473953247
vt 0.699999988079071 0.12222224473953247
vt 0.699999988079071 0.12222224473953247
vt 0.699999988079071 0.12222224473953247
vt 0.699999988079071 0.12222224473953247
vt 0.699999988079071 0.12222224473953247
vt 0.699999988079071 0.12222224473953247
vt 0.699999988079071 0.12222224473953247
vt 0.699999988079071 0.12222224473953247
vt 0.699999988079071 0.12222224473953247
vt 0.699999988079071 0.12222224473953247
vt 0.699999988079071 0.12222224473953247
vt 0.3222222328186035 0.9166666865348816
vt 0.3222222328186035 0.9166666865348816
vt 0.3222222328186035 0.9166666865348816
vt 0.3222222328186035 0.9166666865348816
vt 0.3222222328186035 0.9166666865348816
vt 0.3222222328186035 0.9166666865348816
vt 0.4000000059604645 0.20277780294418335
vt 0.4000000059604645 0.20277780294418335
vt 0.4000000059604645 0.20277780294418335
vt 0.4000000059604645 0.20277780294418335
vt 0.4000000059604645 0.20277780294418335
vt 0.4000000059604645 0.20277780294418335
vt 0.699999988079071 0.12222224473953247
vt 0.699999988079071 0.12222224473953247
vt 0.699999988079071 0.12222224473953247
vt 0.699999988079071 0.12222224473953247
vt 0.699999988079071 0.12222224473953247
vt 0.699999988079071 0.12222224473953247
vt 0.699999988079071 0.12222224473953247
vt 0.699999988079071 0.12222224473953247
vt 0.699999988079071 0.12222224473953247
vt 0.699999988079071 0.12222224473953247
vt 0.699999988079071 0.12222224473953247
vt 0.699999988079071 0.12222224473953247
vt 0.06111111119389534 0.5388889312744141
vt 0.06111111119389534 0.5388889312744141
vt 0.06111111119389534 0.5388889312744141
vt 0.06111111119389534 0.5388889312744141
vt 0.06111111119389534 0.5388889312744141
vt 0.06111111119389534 0.5388889312744141
vt 0.9722222089767456 0.9333333373069763
vt 0.9722222089767456 0.9333333373069763
vt 0.9722222089767456 0.9333333373069763
vt 0.9722222089767456 0.9333333373069763
vt 0.9722222089767456 0.9333333373069763
vt 0.9722222089767456 0.9333333373069763
vt 0.9722222089767456 0.9333333373069763
vt 0.9722222089767456 0.9333333373069763
vt 0.9722222089767456 0.9333333373069763
vt 0.9722222089767456 0.9333333373069763
vt 0.9722222089767456 0.9333333373069763
vt 0.9722222089767456 0.9333333373069763
vt 0.9722222089767456 0.9333333373069763
vt 0.9722222089767456 0.9333333373069763
vt 0.9722222089767456 0.9333333373069763
vt 0.9722222089767456 0.9333333373069763
vt 0.9722222089767456 0.9333333373069763
vt 0.9722222089767456 0.9333333373069763
vt 0.9722222089767456 0.9333333373069763
vt 0.9722222089767456 0.9333333373069763
vt 0.9722222089767456 0.9333333373069763
vt 0.9722222089767456 0.9333333373069763
vt 0.9722222089767456 0.9333333373069763
vt 0.9722222089767456 0.9333333373069763
vt 0.9722222089767456 0.9333333373069763
vt 0.9722222089767456 0.9333333373069763
vt 0.9722222089767456 0.9333333373069763
vt 0.9722222089767456 0.9333333373069763
vt 0.9722222089767456 0.9333333373069763
vt 0.9722222089767456 0.9333333373069763
vt 0.9722222089767456 0.9333333373069763
vt 0.9722222089767456 0.9333333373069763
vt 0.9722222089767456 0.9333333373069763
vt 0.9722222089767456 0.9333333373069763
vt 0.9722222089767456 0.9333333373069763
vt 0.9722222089767456 0.9333333373069763
vt 0.9722222089767456 0.9333333373069763
vt 0.9722222089767456 0.9333333373069763
vt 0.9722222089767456 0.9333333373069763
vt 0.9722222089767456 0.9333333373069763
vt 0.9722222089767456 0.9333333373069763
vt 0.9722222089767456 0.9333333373069763
vt 0.9722222089767456 0.9333333373069763
vt 0.9722222089767456 0.9333333373069763
vt 0.9722222089767456 0.9333333373069763
vt 0.341438353061676 0.6448250412940979
vt 0.341438353061676 0.6448250412940979
vt 0.341438353061676 0.6448250412940979
vt 0.341438353061676 0.6448250412940979
vt 0.341438353061676 0.6448250412940979
vt 0.341438353061676 0.6448250412940979
vt 0.341438353061676 0.6448250412940979
vt 0.341438353061676 0.6448250412940979
vt 0.341438353061676 0.6448250412940979
vt 0.341438353061676 0.6448250412940979
vt 0.341438353061676 0.6448250412940979
vt 0.341438353061676 0.6448250412940979
vt 0.6805555820465088 0.9111111164093018
vt 0.6805555820465088 0.9111111164093018
vt 0.6805555820465088 0.9111111164093018
vt 0.6805555820465088 0.9111111164093018
vt 0.6805555820465088 0.9111111164093018
vt 0.6805555820465088 0.9111111164093018
vt 0.6805555820465088 0.9111111164093018
vt 0.6805555820465088 0.9111111164093018
vt 0.6805555820465088 0.9111111164093018
vt 0.341438353061676 0.6448250412940979
vt 0.341438353061676 0.6448250412940979
vt 0.341438353061676 0.6448250412940979
vt 0.341438353061676 0.6448250412940979
vt 0.341438353061676 0.6448250412940979
vt 0.341438353061676 0.6448250412940979
vt 0.341438353061676 0.6448250412940979
vt 0.341438353061676 0.6448250412940979
vt 0.341438353061676 0.6448250412940979
vt 0.341438353061676 0.6448250412940979
vt 0.341438353061676 0.6448250412940979
vt 0.341438353061676 0.6448250412940979
vt 0.341438353061676 0.6448250412940979
vt 0.341438353061676 0.6448250412940979
vt 0.341438353061676 0.6448250412940979
vt 0.341438353061676 0.6448250412940979
vt 0.341438353061676 0.6448250412940979
vt 0.341438353061676 0.6448250412940979
vt 0.6805555820465088 0.9111111164093018
vt 0.6805555820465088 0.9111111164093018
vt 0.6805555820465088 0.9111111164093018
vt 0.6805555820465088 0.9111111164093018
vt 0.6805555820465088 0.9111111164093018
vt 0.6805555820465088 0.9111111164093018
vt 0.341438353061676 0.6448250412940979
vt 0.341438353061676 0.6448250412940979
vt 0.341438353061676 0.6448250412940979
vt 0.341438353061676 0.6448250412940979
vt 0.341438353061676 0.6448250412940979
vt 0.341438353061676 0.6448250412940979
vt 0.341438353061676 0.6448250412940979
vt 0.341438353061676 0.6448250412940979
vt 0.341438353061676 0.6448250412940979
vt 0.3222222328186035 0.9166666865348816
vt 0.3222222328186035 0.9166666865348816
vt 0.3222222328186035 0.9166666865348816
vt 0.06111111119389534 0.5388889312744141
vt 0.06111111119389534 0.5388889312744141
vt 0.06111111119389534 0.5388889312744141
vt 0.06111111119389534 0.5388889312744141
vt 0.06111111119389534 0.5388889312744141
vt 0.06111111119389534 0.5388889312744141
vt 0.6805555820465088 0.9111111164093018
vt 0.6805555820465088 0.9111111164093018
vt 0.6805555820465088 0.9111111164093018
vt 0.6805555820465088 0.9111111164093018
vt 0.6805555820465088 0.9111111164093018
vt 0.6805555820465088 0.9111111164093018
vt 0.06111111119389534 0.5388889312744141
vt 0.06111111119389534 0.5388889312744141
vt 0.06111111119389534 0.5388889312744141
vt 0.6805555820465088 0.9111111164093018
vt 0.6805555820465088 0.9111111164093018
vt 0.6805555820465088 0.9111111164093018
vt 0.6805555820465088 0.9111111164093018
vt 0.6805555820465088 0.9111111164093018
vt 0.6805555820465088 0.9111111164093018
vt 0.6805555820465088 0.9111111164093018
vt 0.6805555820465088 0.9111111164093018
vt 0.6805555820465088 0.9111111164093018
vt 0.4000000059604645 0.20277780294418335
vt 0.4000000059604645 0.20277780294418335
vt 0.4000000059604645 0.20277780294418335
vt 0.4000000059604645 0.20277780294418335
vt 0.4000000059604645 0.20277780294418335
vt 0.4000000059604645 0.20277780294418335
vt 0.4000000059604645 0.20277780294418335
vt 0.4000000059604645 0.20277780294418335
vt 0.4000000059604645 0.20277780294418335
vt 0.4000000059604645 0.20277780294418335
vt 0.4000000059604645 0.20277780294418335
vt 0.4000000059604645 0.20277780294418335
vt 0.3222222328186035 0.9166666865348816
vt 0.3222222328186035 0.9166666865348816
vt 0.3222222328186035 0.9166666865348816
vt 0.3222222328186035 0.9166666865348816
vt 0.3222222328186035 0.9166666865348816
vt 0.3222222328186035 0.9166666865348816
vt 0.6805555820465088 0.9111111164093018
vt 0.6805555820465088 0.9111111164093018
vt 0.6805555820465088 0.9111111164093018
vt 0.341438353061676 0.6448250412940979
vt 0.341438353061676 0.6448250412940979
vt 0.341438353061676 0.6448250412940979
vt 0.341438353061676 0.6448250412940979
vt 0.341438353061676 0.6448250412940979
vt 0.341438353061676 0.6448250412940979
vt 0.3222222328186035 0.9166666865348816
vt 0.3222222328186035 0.9166666865348816
vt 0.3222222328186035 0.9166666865348816
vt 0.6805555820465088 0.9111111164093018
vt 0.6805555820465088 0.9111111164093018
vt 0.6805555820465088 0.9111111164093018
vt 0.6805555820465088 0.9111111164093018
vt 0.6805555820465088 0.9111111164093018
vt 0.6805555820465088 0.9111111164093018
vt 0.06111111119389534 0.5388889312744141
vt 0.06111111119389534 0.5388889312744141
vt 0.06111111119389534 0.5388889312744141
vt 0.06111111119389534 0.5388889312744141
vt 0.06111111119389534 0.5388889312744141
vt 0.06111111119389534 0.5388889312744141
vt 0.06111111119389534 0.5388889312744141
vt 0.06111111119389534 0.5388889312744141
vt 0.06111111119389534 0.5388889312744141
vt 0.6805555820465088 0.9111111164093018
vt 0.6805555820465088 0.9111111164093018
vt 0.6805555820465088 0.9111111164093018
vt 0.6805555820465088 0.9111111164093018
vt 0.6805555820465088 0.9111111164093018
vt 0.6805555820465088 0.9111111164093018
vt 0.6805555820465088 0.9111111164093018
vt 0.6805555820465088 0.9111111164093018
vt 0.6805555820465088 0.9111111164093018
vt 0.6805555820465088 0.9111111164093018
vt 0.6805555820465088 0.9111111164093018
vt 0.6805555820465088 0.9111111164093018
vt 0.6805555820465088 0.9111111164093018
vt 0.6805555820465088 0.9111111164093018
vt 0.6805555820465088 0.9111111164093018
vt 0.6805555820465088 0.9111111164093018
vt 0.6805555820465088 0.9111111164093018
vt 0.6805555820465088 0.9111111164093018
vt 0.341438353061676 0.6448250412940979
vt 0.341438353061676 0.6448250412940979
vt 0.341438353061676 0.6448250412940979
vt 0.341438353061676 0.6448250412940979
vt 0.341438353061676 0.6448250412940979
vt 0.341438353061676 0.6448250412940979
vt 0.6805555820465088 0.9111111164093018
vt 0.6805555820465088 0.9111111164093018
vt 0.6805555820465088 0.9111111164093018
vt 0.6805555820465088 0.9111111164093018
vt 0.6805555820465088 0.9111111164093018
vt 0.6805555820465088 0.9111111164093018
vt 0.6805555820465088 0.9111111164093018
vt 0.6805555820465088 0.9111111164093018
vt 0.6805555820465088 0.9111111164093018
vt 0.6805555820465088 0.9111111164093018
vt 0.6805555820465088 0.9111111164093018
vt 0.6805555820465088 0.9111111164093018
vt 0.341438353061676 0.6448250412940979
vt 0.341438353061676 0.6448250412940979
vt 0.341438353061676 0.6448250412940979
vt 0.341438353061676 0.6448250412940979
vt 0.341438353061676 0.6448250412940979
vt 0.341438353061676 0.6448250412940979
vt 0.341438353061676 0.6448250412940979
vt 0.341438353061676 0.6448250412940979
vt 0.341438353061676 0.6448250412940979
vt 0.341438353061676 0.6448250412940979
vt 0.341438353061676 0.6448250412940979
vt 0.341438353061676 0.6448250412940979
vt 0.6805555820465088 0.9111111164093018
vt 0.6805555820465088 0.9111111164093018
vt 0.6805555820465088 0.9111111164093018
vt 0.9722222089767456 0.9333333373069763
vt 0.9722222089767456 0.9333333373069763
vt 0.9722222089767456 0.9333333373069763
vt 0.9722222089767456 0.9333333373069763
vt 0.9722222089767456 0.9333333373069763
vt 0.9722222089767456 0.9333333373069763
vt 0.9722222089767456 0.9333333373069763
vt 0.9722222089767456 0.9333333373069763
vt 0.9722222089767456 0.9333333373069763
vt 0.9722222089767456 0.9333333373069763
vt 0.9722222089767456 0.9333333373069763
vt 0.9722222089767456 0.9333333373069763
vt 0.9722222089767456 0.9333333373069763
vt 0.9722222089767456 0.9333333373069763
vt 0.9722222089767456 0.9333333373069763
vt 0.9722222089767456 0.9333333373069763
vt 0.9722222089767456 0.9333333373069763
vt 0.9722222089767456 0.9333333373069763
vt 0.9722222089767456 0.9333333373069763
vt 0.9722222089767456 0.9333333373069763
vt 0.9722222089767456 0.9333333373069763
vt 0.9722222089767456 0.9333333373069763
vt 0.9722222089767456 0.9333333373069763
vt 0.9722222089767456 0.9333333373069763
vt 0.9722222089767456 0.9333333373069763
vt 0.9722222089767456 0.9333333373069763
vt 0.9722222089767456 0.9333333373069763
vt 0.9722222089767456 0.9333333373069763
vt 0.9722222089767456 0.9333333373069763
vt 0.9722222089767456 0.9333333373069763
vt 0.9722222089767456 0.9333333373069763
vt 0.9722222089767456 0.9333333373069763
vt 0.9722222089767456 0.9333333373069763
vt 0.9722222089767456 0.9333333373069763
vt 0.9722222089767456 0.9333333373069763
vt 0.9722222089767456 0.9333333373069763
vt 0.6805555820465088 0.9111111164093018
vt 0.6805555820465088 0.9111111164093018
vt 0.6805555820465088 0.9111111164093018
vt 0.6805555820465088 0.9111111164093018
vt 0.6805555820465088 0.9111111164093018
vt 0.6805555820465088 0.9111111164093018
vt 0.06111111119389534 0.5388889312744141
vt 0.06111111119389534 0.5388889312744141
vt 0.06111111119389534 0.5388889312744141
vt 0.06111111119389534 0.5388889312744141
vt 0.06111111119389534 0.5388889312744141
vt 0.06111111119389534 0.5388889312744141
vt 0.9694444537162781 0.03611111640930176
vt 0.9694444537162781 0.03611111640930176
vt 0.9694444537162781 0.03611111640930176
vt 0.9694444537162781 0.03611111640930176
vt 0.9694444537162781 0.03611111640930176
vt 0.9694444537162781 0.03611111640930176
vt 0.3222222328186035 0.9166666865348816
vt 0.3222222328186035 0.9166666865348816
vt 0.3222222328186035 0.9166666865348816
vt 0.3222222328186035 0.9166666865348816
vt 0.3222222328186035 0.9166666865348816
vt 0.3222222328186035 0.9166666865348816
vt 0.3222222328186035 0.9166666865348816
vt 0.3222222328186035 0.9166666865348816
vt 0.3222222328186035 0.9166666865348816
vt 0.3222222328186035 0.9166666865348816
vt 0.3222222328186035 0.9166666865348816
vt 0.3222222328186035 0.9166666865348816
vt 0.6555555462837219 0.18333333730697632
vt 0.6555555462837219 0.18333333730697632
vt 0.6555555462837219 0.18333333730697632
vt 0.6555555462837219 0.18333333730697632
vt 0.6555555462837219 0.18333333730697632
vt 0.6555555462837219 0.18333333730697632
vt 0.4000000059604645 0.20277780294418335
vt 0.4000000059604645 0.20277780294418335
vt 0.4000000059604645 0.20277780294418335
vt 0.4000000059604645 0.20277780294418335
vt 0.4000000059604645 0.20277780294418335
vt 0.4000000059604645 0.20277780294418335
vt 0.4000000059604645 0.20277780294418335
vt 0.4000000059604645 0.20277780294418335
vt 0.4000000059604645 0.20277780294418335
vt 0.4000000059604645 0.20277780294418335
vt 0.4000000059604645 0.20277780294418335
vt 0.4000000059604645 0.20277780294418335
vt 0.699999988079071 0.12222224473953247
vt 0.699999988079071 0.12222224473953247
vt 0.699999988079071 0.12222224473953247
vt 0.699999988079071 0.12222224473953247
vt 0.699999988079071 0.12222224473953247
vt 0.699999988079071 0.12222224473953247
vt 0.06111111119389534 0.5388889312744141
vt 0.06111111119389534 0.5388889312744141
vt 0.06111111119389534 0.5388889312744141
vt 0.06111111119389534 0.5388889312744141
vt 0.06111111119389534 0.5388889312744141
vt 0.06111111119389534 0.5388889312744141
vt 0.06111111119389534 0.5388889312744141
vt 0.06111111119389534 0.5388889312744141
vt 0.06111111119389534 0.5388889312744141
vt 0.06111111119389534 0.5388889312744141
vt 0.06111111119389534 0.5388889312744141
vt 0.06111111119389534 0.5388889312744141
vt 0.06111111119389534 0.5388889312744141
vt 0.06111111119389534 0.5388889312744141
vt 0.06111111119389534 0.5388889312744141
vt 0.06111111119389534 0.5388889312744141
vt 0.06111111119389534 0.5388889312744141
vt 0.06111111119389534 0.5388889312744141
vt 0.06111111119389534 0.5388889312744141
vt 0.06111111119389534 0.5388889312744141
vt 0.06111111119389534 0.5388889312744141
vt 0.06111111119389534 0.5388889312744141
vt 0.06111111119389534 0.5388889312744141
vt 0.06111111119389534 0.5388889312744141
vt 0.699999988079071 0.12222224473953247
vt 0.699999988079071 0.12222224473953247
vt 0.699999988079071 0.12222224473953247
vt 0.699999988079071 0.12222224473953247
vt 0.699999988079071 0.12222224473953247
vt 0.699999988079071 0.12222224473953247
vt 0.06111111119389534 0.5388889312744141
vt 0.06111111119389534 0.5388889312744141
vt 0.06111111119389534 0.5388889312744141
vt 0.06111111119389534 0.5388889312744141
vt 0.06111111119389534 0.5388889312744141
vt 0.06111111119389534 0.5388889312744141
vt 0.06111111119389534 0.5388889312744141
vt 0.06111111119389534 0.5388889312744141
vt 0.06111111119389534 0.5388889312744141
vt 0.06111111119389534 0.5388889312744141
vt 0.06111111119389534 0.5388889312744141
vt 0.06111111119389534 0.5388889312744141
vt 0.699999988079071 0.12222224473953247
vt 0.699999988079071 0.12222224473953247
vt 0.699999988079071 0.12222224473953247
vt 0.699999988079071 0.12222224473953247
vt 0.699999988079071 0.12222224473953247
vt 0.699999988079071 0.12222224473953247
vt 0.6555555462837219 0.18333333730697632
vt 0.6555555462837219 0.18333333730697632
vt 0.6555555462837219 0.18333333730697632
vt 0.6555555462837219 0.18333333730697632
vt 0.6555555462837219 0.18333333730697632
vt 0.6555555462837219 0.18333333730697632
vt 0.699999988079071 0.12222224473953247
vt 0.699999988079071 0.12222224473953247
vt 0.699999988079071 0.12222224473953247
vt 0.699999988079071 0.12222224473953247
vt 0.699999988079071 0.12222224473953247
vt 0.699999988079071 0.12222224473953247
vt 0.699999988079071 0.12222224473953247
vt 0.699999988079071 0.12222224473953247
vt 0.699999988079071 0.12222224473953247
vt 0.699999988079071 0.12222224473953247
vt 0.699999988079071 0.12222224473953247
vt 0.699999988079071 0.12222224473953247
vt 0.699999988079071 0.12222224473953247
vt 0.699999988079071 0.12222224473953247
vt 0.699999988079071 0.12222224473953247
vt 0.699999988079071 0.12222224473953247
vt 0.699999988079071 0.12222224473953247
vt 0.699999988079071 0.12222224473953247
vt 0.3222222328186035 0.9166666865348816
vt 0.3222222328186035 0.9166666865348816
vt 0.3222222328186035 0.9166666865348816
vt 0.3222222328186035 0.9166666865348816
vt 0.3222222328186035 0.9166666865348816
vt 0.3222222328186035 0.9166666865348816
vt 0.4000000059604645 0.20277780294418335
vt 0.4000000059604645 0.20277780294418335
vt 0.4000000059604645 0.20277780294418335
vt 0.4000000059604645 0.20277780294418335
vt 0.4000000059604645 0.20277780294418335
vt 0.4000000059604645 0.20277780294418335
vt 0.06111111119389534 0.5388889312744141
vt 0.06111111119389534 0.5388889312744141
vt 0.06111111119389534 0.5388889312744141
vt 0.06111111119389534 0.5388889312744141
vt 0.06111111119389534 0.5388889312744141
vt 0.06111111119389534 0.5388889312744141
vt 0.06111111119389534 0.5388889312744141
vt 0.06111111119389534 0.5388889312744141
vt 0.06111111119389534 0.5388889312744141
vt 0.06111111119389534 0.5388889312744141
vt 0.06111111119389534 0.5388889312744141
vt 0.06111111119389534 0.5388889312744141
vt 0.3222222328186035 0.9166666865348816
vt 0.3222222328186035 0.9166666865348816
vt 0.3222222328186035 0.9166666865348816
vt 0.3222222328186035 0.9166666865348816
vt 0.3222222328186035 0.9166666865348816
vt 0.3222222328186035 0.9166666865348816
vt 0.4000000059604645 0.20277780294418335
vt 0.4000000059604645 0.20277780294418335
vt 0.4000000059604645 0.20277780294418335
vt 0.06111111119389534 0.5388889312744141
vt 0.06111111119389534 0.5388889312744141
vt 0.06111111119389534 0.5388889312744141
vt 0.06111111119389534 0.5388889312744141
vt 0.06111111119389534 0.5388889312744141
vt 0.06111111119389534 0.5388889312744141
vt 0.06111111119389534 0.5388889312744141
vt 0.06111111119389534 0.5388889312744141
vt 0.06111111119389534 0.5388889312744141
vt 0.06111111119389534 0.5388889312744141
vt 0.06111111119389534 0.5388889312744141
vt 0.06111111119389534 0.5388889312744141
vt 0.6805555820465088 0.9111111164093018
vt 0.6805555820465088 0.9111111164093018
vt 0.6805555820465088 0.9111111164093018
vt 0.6805555820465088 0.9111111164093018
vt 0.6805555820465088 0.9111111164093018
vt 0.6805555820465088 0.9111111164093018
vt 0.6805555820465088 0.9111111164093018
vt 0.6805555820465088 0.9111111164093018
vt 0.6805555820465088 0.9111111164093018
vt 0.6805555820465088 0.9111111164093018
vt 0.6805555820465088 0.9111111164093018
vt 0.6805555820465088 0.9111111164093018
vt 0.6805555820465088 0.9111111164093018
vt 0.6805555820465088 0.9111111164093018
vt 0.6805555820465088 0.9111111164093018
vt 0.6805555820465088 0.9111111164093018
vt 0.6805555820465088 0.9111111164093018
vt 0.6805555820465088 0.9111111164093018
vt 0.6805555820465088 0.9111111164093018
vt 0.6805555820465088 0.9111111164093018
vt 0.6805555820465088 0.9111111164093018
vt 0.6805555820465088 0.9111111164093018
vt 0.6805555820465088 0.9111111164093018
vt 0.6805555820465088 0.9111111164093018
vt 0.3222222328186035 0.9166666865348816
vt 0.3222222328186035 0.9166666865348816
vt 0.3222222328186035 0.9166666865348816
vt 0.3222222328186035 0.9166666865348816
vt 0.3222222328186035 0.9166666865348816
vt 0.3222222328186035 0.9166666865348816
vt 0.06111111119389534 0.5388889312744141
vt 0.06111111119389534 0.5388889312744141
vt 0.06111111119389534 0.5388889312744141
vt 0.06111111119389534 0.5388889312744141
vt 0.06111111119389534 0.5388889312744141
vt 0.06111111119389534 0.5388889312744141
vt 0.4000000059604645 0.20277780294418335
vt 0.4000000059604645 0.20277780294418335
vt 0.4000000059604645 0.20277780294418335
vt 0.4000000059604645 0.20277780294418335
vt 0.4000000059604645 0.20277780294418335
vt 0.4000000059604645 0.20277780294418335
vt 0.3222222328186035 0.9166666865348816
vt 0.3222222328186035 0.9166666865348816
vt 0.3222222328186035 0.9166666865348816
vt 0.3222222328186035 0.9166666865348816
vt 0.3222222328186035 0.9166666865348816
vt 0.3222222328186035 0.9166666865348816
vt 0.06111111119389534 0.5388889312744141
vt 0.06111111119389534 0.5388889312744141
vt 0.06111111119389534 0.5388889312744141
vt 0.06111111119389534 0.5388889312744141
vt 0.06111111119389534 0.5388889312744141
vt 0.06111111119389534 0.5388889312744141
vt 0.3222222328186035 0.9166666865348816
vt 0.3222222328186035 0.9166666865348816
vt 0.3222222328186035 0.9166666865348816
vt 0.3222222328186035 0.9166666865348816
vt 0.3222222328186035 0.9166666865348816
vt 0.3222222328186035 0.9166666865348816
vt 0.06111111119389534 0.5388889312744141
vt 0.06111111119389534 0.5388889312744141
vt 0.06111111119389534 0.5388889312744141
vt 0.06111111119389534 0.5388889312744141
vt 0.06111111119389534 0.5388889312744141
vt 0.06111111119389534 0.5388889312744141
vt 0.06111111119389534 0.5388889312744141
vt 0.06111111119389534 0.5388889312744141
vt 0.06111111119389534 0.5388889312744141
vt 0.06111111119389534 0.5388889312744141
vt 0.06111111119389534 0.5388889312744141
vt 0.06111111119389534 0.5388889312744141
vt 0.06111111119389534 0.5388889312744141
vt 0.06111111119389534 0.5388889312744141
vt 0.06111111119389534 0.5388889312744141
vt 0.6805555820465088 0.9111111164093018
vt 0.6805555820465088 0.9111111164093018
vt 0.6805555820465088 0.9111111164093018
vt 0.6805555820465088 0.9111111164093018
vt 0.6805555820465088 0.9111111164093018
vt 0.6805555820465088 0.9111111164093018
vt 0.6805555820465088 0.9111111164093018
vt 0.6805555820465088 0.9111111164093018
vt 0.6805555820465088 0.9111111164093018
vt 0.6805555820465088 0.9111111164093018
vt 0.6805555820465088 0.9111111164093018
vt 0.6805555820465088 0.9111111164093018
vt 0.06111111119389534 0.5388889312744141
vt 0.06111111119389534 0.5388889312744141
vt 0.06111111119389534 0.5388889312744141
vt 0.06111111119389534 0.5388889312744141
vt 0.06111111119389534 0.5388889312744141
vt 0.06111111119389534 0.5388889312744141
vt 0.06111111119389534 0.5388889312744141
vt 0.06111111119389534 0.5388889312744141
vt 0.06111111119389534 0.5388889312744141
vt 0.06111111119389534 0.5388889312744141
vt 0.06111111119389534 0.5388889312744141
vt 0.06111111119389534 0.5388889312744141
vt 0.699999988079071 0.12222224473953247
vt 0.699999988079071 0.12222224473953247
vt 0.699999988079071 0.12222224473953247
vt 0.699999988079071 0.12222224473953247
vt 0.699999988079071 0.12222224473953247
vt 0.699999988079071 0.12222224473953247
vt 0.6555555462837219 0.18333333730697632
vt 0.6555555462837219 0.18333333730697632
vt 0.6555555462837219 0.18333333730697632
vt 0.6555555462837219 0.18333333730697632
vt 0.6555555462837219 0.18333333730697632
vt 0.6555555462837219 0.18333333730697632
vt 0.06111111119389534 0.5388889312744141
vt 0.06111111119389534 0.5388889312744141
vt 0.06111111119389534 0.5388889312744141
vt 0.06111111119389534 0.5388889312744141
vt 0.06111111119389534 0.5388889312744141
vt 0.06111111119389534 0.5388889312744141
vt 0.341438353061676 0.6448250412940979
vt 0.341438353061676 0.6448250412940979
vt 0.341438353061676 0.6448250412940979
vt 0.341438353061676 0.6448250412940979
vt 0.341438353061676 0.6448250412940979
vt 0.341438353061676 0.6448250412940979
vt 0.699999988079071 0.12222224473953247
vt 0.699999988079071 0.12222224473953247
vt 0.699999988079071 0.12222224473953247
vt 0.699999988079071 0.12222224473953247
vt 0.699999988079071 0.12222224473953247
vt 0.699999988079071 0.12222224473953247
vt 0.699999988079071 0.12222224473953247
vt 0.699999988079071 0.12222224473953247
vt 0.699999988079071 0.12222224473953247
vt 0.699999988079071 0.12222224473953247
vt 0.699999988079071 0.12222224473953247
vt 0.699999988079071 0.12222224473953247
vt 0.3222222328186035 0.9166666865348816
vt 0.3222222328186035 0.9166666865348816
vt 0.3222222328186035 0.9166666865348816
vt 0.3222222328186035 0.9166666865348816
vt 0.3222222328186035 0.9166666865348816
vt 0.3222222328186035 0.9166666865348816
vt 0.4000000059604645 0.20277780294418335
vt 0.4000000059604645 0.20277780294418335
vt 0.4000000059604645 0.20277780294418335
vt 0.4000000059604645 0.20277780294418335
vt 0.4000000059604645 0.20277780294418335
vt 0.4000000059604645 0.20277780294418335
vt 0.699999988079071 0.12222224473953247
vt 0.699999988079071 0.12222224473953247
vt 0.699999988079071 0.12222224473953247
vt 0.699999988079071 0.12222224473953247
vt 0.699999988079071 0.12222224473953247
vt 0.699999988079071 0.12222224473953247
vt 0.699999988079071 0.12222224473953247
vt 0.699999988079071 0.12222224473953247
vt 0.699999988079071 0.12222224473953247
vt 0.699999988079071 0.12222224473953247
vt 0.699999988079071 0.12222224473953247
vt 0.699999988079071 0.12222224473953247
vt 0.06111111119389534 0.5388889312744141
vt 0.06111111119389534 0.5388889312744141
vt 0.06111111119389534 0.5388889312744141
vt 0.06111111119389534 0.5388889312744141
vt 0.06111111119389534 0.5388889312744141
vt 0.06111111119389534 0.5388889312744141
vt 0.9055555462837219 0.11388885974884033
vt 0.9055555462837219 0.11388885974884033
vt 0.9055555462837219 0.11388885974884033
vt 0.9722222089767456 0.9333333373069763
vt 0.9722222089767456 0.9333333373069763
vt 0.9722222089767456 0.9333333373069763
vt 0.9722222089767456 0.9333333373069763
vt 0.9722222089767456 0.9333333373069763
vt 0.9722222089767456 0.9333333373069763
vt 0.9722222089767456 0.9333333373069763
vt 0.9722222089767456 0.9333333373069763
vt 0.9722222089767456 0.9333333373069763
vt 0.9722222089767456 0.9333333373069763
vt 0.9722222089767456 0.9333333373069763
vt 0.9722222089767456 0.9333333373069763
vt 0.9722222089767456 0.9333333373069763
vt 0.9722222089767456 0.9333333373069763
vt 0.9722222089767456 0.9333333373069763
vt 0.9722222089767456 0.9333333373069763
vt 0.9722222089767456 0.9333333373069763
vt 0.9722222089767456 0.9333333373069763
vt 0.9722222089767456 0.9333333373069763
vt 0.9722222089767456 0.9333333373069763
vt 0.9722222089767456 0.9333333373069763
vt 0.9722222089767456 0.9333333373069763
vt 0.9722222089767456 0.9333333373069763
vt 0.9722222089767456 0.9333333373069763
vt 0.9722222089767456 0.9333333373069763
vt 0.9722222089767456 0.9333333373069763
vt 0.9722222089767456 0.9333333373069763
vt 0.9722222089767456 0.9333333373069763
vt 0.9722222089767456 0.9333333373069763
vt 0.9722222089767456 0.9333333373069763
vt 0.9722222089767456 0.9333333373069763
vt 0.9722222089767456 0.9333333373069763
vt 0.9722222089767456 0.9333333373069763
vt 0.9722222089767456 0.9333333373069763
vt 0.9722222089767456 0.9333333373069763
vt 0.9722222089767456 0.9333333373069763
vt 0.9722222089767456 0.9333333373069763
vt 0.9722222089767456 0.9333333373069763
vt 0.9722222089767456 0.9333333373069763
vt 0.9722222089767456 0.9333333373069763
vt 0.9722222089767456 0.9333333373069763
vt 0.9722222089767456 0.9333333373069763
vt 0.341438353061676 0.6448250412940979
vt 0.341438353061676 0.6448250412940979
vt 0.341438353061676 0.6448250412940979
vt 0.341438353061676 0.6448250412940979
vt 0.341438353061676 0.6448250412940979
vt 0.341438353061676 0.6448250412940979
vt 0.341438353061676 0.6448250412940979
vt 0.341438353061676 0.6448250412940979
vt 0.341438353061676 0.6448250412940979
vt 0.341438353061676 0.6448250412940979
vt 0.341438353061676 0.6448250412940979
vt 0.341438353061676 0.6448250412940979
vt 0.6805555820465088 0.9111111164093018
vt 0.6805555820465088 0.9111111164093018
vt 0.6805555820465088 0.9111111164093018
vt 0.6805555820465088 0.9111111164093018
vt 0.6805555820465088 0.9111111164093018
vt 0.6805555820465088 0.9111111164093018
vt 0.341438353061676 0.6448250412940979
vt 0.341438353061676 0.6448250412940979
vt 0.341438353061676 0.6448250412940979
vt 0.341438353061676 0.6448250412940979
vt 0.341438353061676 0.6448250412940979
vt 0.341438353061676 0.6448250412940979
vt 0.341438353061676 0.6448250412940979
vt 0.341438353061676 0.6448250412940979
vt 0.341438353061676 0.6448250412940979
vt 0.341438353061676 0.6448250412940979
vt 0.341438353061676 0.6448250412940979
vt 0.341438353061676 0.6448250412940979
vt 0.6805555820465088 0.9111111164093018
vt 0.6805555820465088 0.9111111164093018
vt 0.6805555820465088 0.9111111164093018
vt 0.6805555820465088 0.9111111164093018
vt 0.6805555820465088 0.9111111164093018
vt 0.6805555820465088 0.9111111164093018
vt 0.6805555820465088 0.9111111164093018
vt 0.6805555820465088 0.9111111164093018
vt 0.6805555820465088 0.9111111164093018
vt 0.341438353061676 0.6448250412940979
vt 0.341438353061676 0.6448250412940979
vt 0.341438353061676 0.6448250412940979
vt 0.341438353061676 0.6448250412940979
vt 0.341438353061676 0.6448250412940979
vt 0.341438353061676 0.6448250412940979
vt 0.341438353061676 0.6448250412940979
vt 0.341438353061676 0.6448250412940979
vt 0.341438353061676 0.6448250412940979
vt 0.341438353061676 0.6448250412940979
vt 0.341438353061676 0.6448250412940979
vt 0.341438353061676 0.6448250412940979
vt 0.341438353061676 0.6448250412940979
vt 0.341438353061676 0.6448250412940979
vt 0.341438353061676 0.6448250412940979
vt 0.3222222328186035 0.9166666865348816
vt 0.3222222328186035 0.9166666865348816
vt 0.3222222328186035 0.9166666865348816
vt 0.06111111119389534 0.5388889312744141
vt 0.06111111119389534 0.5388889312744141
vt 0.06111111119389534 0.5388889312744141
vt 0.06111111119389534 0.5388889312744141
vt 0.06111111119389534 0.5388889312744141
vt 0.06111111119389534 0.5388889312744141
vt 0.6805555820465088 0.9111111164093018
vt 0.6805555820465088 0.9111111164093018
vt 0.6805555820465088 0.9111111164093018
vt 0.6805555820465088 0.9111111164093018
vt 0.6805555820465088 0.9111111164093018
vt 0.6805555820465088 0.9111111164093018
vt 0.06111111119389534 0.5388889312744141
vt 0.06111111119389534 0.5388889312744141
vt 0.06111111119389534 0.5388889312744141
vt 0.6805555820465088 0.9111111164093018
vt 0.6805555820465088 0.9111111164093018
vt 0.6805555820465088 0.9111111164093018
vt 0.6805555820465088 0.9111111164093018
vt 0.6805555820465088 0.9111111164093018
vt 0.6805555820465088 0.9111111164093018
vt 0.6805555820465088 0.9111111164093018
vt 0.6805555820465088 0.9111111164093018
vt 0.6805555820465088 0.9111111164093018
vt 0.4000000059604645 0.20277780294418335
vt 0.4000000059604645 0.20277780294418335
vt 0.4000000059604645 0.20277780294418335
vt 0.4000000059604645 0.20277780294418335
vt 0.4000000059604645 0.20277780294418335
vt 0.4000000059604645 0.20277780294418335
vt 0.4000000059604645 0.20277780294418335
vt 0.4000000059604645 0.20277780294418335
vt 0.4000000059604645 0.20277780294418335
vt 0.4000000059604645 0.20277780294418335
vt 0.4000000059604645 0.20277780294418335
vt 0.4000000059604645 0.20277780294418335
vt 0.3222222328186035 0.9166666865348816
vt 0.3222222328186035 0.9166666865348816
vt 0.3222222328186035 0.9166666865348816
vt 0.3222222328186035 0.9166666865348816
vt 0.3222222328186035 0.9166666865348816
vt 0.3222222328186035 0.9166666865348816
vt 0.6805555820465088 0.9111111164093018
vt 0.6805555820465088 0.9111111164093018
vt 0.6805555820465088 0.9111111164093018
vt 0.341438353061676 0.6448250412940979
vt 0.341438353061676 0.6448250412940979
vt 0.341438353061676 0.6448250412940979
vt 0.341438353061676 0.6448250412940979
vt 0.341438353061676 0.6448250412940979
vt 0.341438353061676 0.6448250412940979
vt 0.3222222328186035 0.9166666865348816
vt 0.3222222328186035 0.9166666865348816
vt 0.3222222328186035 0.9166666865348816
vt 0.6805555820465088 0.9111111164093018
vt 0.6805555820465088 0.9111111164093018
vt 0.6805555820465088 0.9111111164093018
vt 0.6805555820465088 0.9111111164093018
vt 0.6805555820465088 0.9111111164093018
vt 0.6805555820465088 0.9111111164093018
vt 0.06111111119389534 0.5388889312744141
vt 0.06111111119389534 0.5388889312744141
vt 0.06111111119389534 0.5388889312744141
vt 0.06111111119389534 0.5388889312744141
vt 0.06111111119389534 0.5388889312744141
vt 0.06111111119389534 0.5388889312744141
vt 0.06111111119389534 0.5388889312744141
vt 0.06111111119389534 0.5388889312744141
vt 0.06111111119389534 0.5388889312744141
vt 0.6805555820465088 0.9111111164093018
vt 0.6805555820465088 0.9111111164093018
vt 0.6805555820465088 0.9111111164093018
vt 0.6805555820465088 0.9111111164093018
vt 0.6805555820465088 0.9111111164093018
vt 0.6805555820465088 0.9111111164093018
vt 0.6805555820465088 0.9111111164093018
vt 0.6805555820465088 0.9111111164093018
vt 0.6805555820465088 0.9111111164093018
vt 0.6805555820465088 0.9111111164093018
vt 0.6805555820465088 0.9111111164093018
vt 0.6805555820465088 0.9111111164093018
vt 0.6805555820465088 0.9111111164093018
vt 0.6805555820465088 0.9111111164093018
vt 0.6805555820465088 0.9111111164093018
vt 0.6805555820465088 0.9111111164093018
vt 0.6805555820465088 0.9111111164093018
vt 0.6805555820465088 0.9111111164093018
vt 0.341438353061676 0.6448250412940979
vt 0.341438353061676 0.6448250412940979
vt 0.341438353061676 0.6448250412940979
vt 0.341438353061676 0.6448250412940979
vt 0.341438353061676 0.6448250412940979
vt 0.341438353061676 0.6448250412940979
vt 0.4000000059604645 0.20277780294418335
vt 0.4000000059604645 0.20277780294418335
vt 0.4000000059604645 0.20277780294418335
vt 0.4000000059604645 0.20277780294418335
vt 0.4000000059604645 0.20277780294418335
vt 0.4000000059604645 0.20277780294418335
vt 0.6805555820465088 0.9111111164093018
vt 0.6805555820465088 0.9111111164093018
vt 0.6805555820465088 0.9111111164093018
vt 0.6805555820465088 0.9111111164093018
vt 0.6805555820465088 0.9111111164093018
vt 0.6805555820465088 0.9111111164093018
vt 0.6805555820465088 0.9111111164093018
vt 0.6805555820465088 0.9111111164093018
vt 0.6805555820465088 0.9111111164093018
vt 0.6805555820465088 0.9111111164093018
vt 0.6805555820465088 0.9111111164093018
vt 0.6805555820465088 0.9111111164093018
vt 0.6805555820465088 0.9111111164093018
vt 0.6805555820465088 0.9111111164093018
vt 0.6805555820465088 0.9111111164093018
vt 0.341438353061676 0.6448250412940979
vt 0.341438353061676 0.6448250412940979
vt 0.341438353061676 0.6448250412940979
vt 0.341438353061676 0.6448250412940979
vt 0.341438353061676 0.6448250412940979
vt 0.341438353061676 0.6448250412940979
vt 0.9722222089767456 0.9333333373069763
vt 0.9722222089767456 0.9333333373069763
vt 0.9722222089767456 0.9333333373069763
vt 0.9722222089767456 0.9333333373069763
vt 0.9722222089767456 0.9333333373069763
vt 0.9722222089767456 0.9333333373069763
vt 0.9722222089767456 0.9333333373069763
vt 0.9722222089767456 0.9333333373069763
vt 0.9722222089767456 0.9333333373069763
vt 0.9722222089767456 0.9333333373069763
vt 0.9722222089767456 0.9333333373069763
vt 0.9722222089767456 0.9333333373069763
vt 0.9722222089767456 0.9333333373069763
vt 0.9722222089767456 0.9333333373069763
vt 0.9722222089767456 0.9333333373069763
vt 0.9722222089767456 0.9333333373069763
vt 0.9722222089767456 0.9333333373069763
vt 0.9722222089767456 0.9333333373069763
vt 0.9722222089767456 0.9333333373069763
vt 0.9722222089767456 0.9333333373069763
vt 0.9722222089767456 0.9333333373069763
vt 0.9722222089767456 0.9333333373069763
vt 0.9722222089767456 0.9333333373069763
vt 0.9722222089767456 0.9333333373069763
vt 0.9722222089767456 0.9333333373069763
vt 0.9722222089767456 0.9333333373069763
vt 0.9722222089767456 0.9333333373069763
vt 0.9722222089767456 0.9333333373069763
vt 0.9722222089767456 0.9333333373069763
vt 0.9722222089767456 0.9333333373069763
vt 0.9722222089767456 0.9333333373069763
vt 0.9722222089767456 0.9333333373069763
vt 0.9722222089767456 0.9333333373069763
vt 0.9722222089767456 0.9333333373069763
vt 0.9722222089767456 0.9333333373069763
vt 0.9722222089767456 0.9333333373069763
vt 0.06111111119389534 0.5388889312744141
vt 0.06111111119389534 0.5388889312744141
vt 0.06111111119389534 0.5388889312744141
vt 0.06111111119389534 0.5388889312744141
vt 0.06111111119389534 0.5388889312744141
vt 0.06111111119389534 0.5388889312744141
vt 0.699999988079071 0.12222224473953247
vt 0.699999988079071 0.12222224473953247
vt 0.699999988079071 0.12222224473953247
vt 0.699999988079071 0.12222224473953247
vt 0.699999988079071 0.12222224473953247
vt 0.699999988079071 0.12222224473953247
vt 0.4000000059604645 0.20277780294418335
vt 0.4000000059604645 0.20277780294418335
vt 0.4000000059604645 0.20277780294418335
vt 0.4000000059604645 0.20277780294418335
vt 0.4000000059604645 0.20277780294418335
vt 0.4000000059604645 0.20277780294418335
vt 0.4000000059604645 0.20277780294418335
vt 0.4000000059604645 0.20277780294418335
vt 0.4000000059604645 0.20277780294418335
vt 0.4000000059604645 0.20277780294418335
vt 0.4000000059604645 0.20277780294418335
vt 0.4000000059604645 0.20277780294418335
vt 0.3222222328186035 0.9166666865348816
vt 0.3222222328186035 0.9166666865348816
vt 0.3222222328186035 0.9166666865348816
vt 0.3222222328186035 0.9166666865348816
vt 0.3222222328186035 0.9166666865348816
vt 0.3222222328186035 0.9166666865348816
vt 0.699999988079071 0.12222224473953247
vt 0.699999988079071 0.12222224473953247
vt 0.699999988079071 0.12222224473953247
vt 0.699999988079071 0.12222224473953247
vt 0.699999988079071 0.12222224473953247
vt 0.699999988079071 0.12222224473953247
vt 0.9055555462837219 0.11388885974884033
vt 0.9055555462837219 0.11388885974884033
vt 0.9055555462837219 0.11388885974884033
vt 0.9722222089767456 0.9333333373069763
vt 0.9722222089767456 0.9333333373069763
vt 0.9722222089767456 0.9333333373069763
vt 0.9722222089767456 0.9333333373069763
vt 0.9722222089767456 0.9333333373069763
vt 0.9722222089767456 0.9333333373069763
vt 0.9722222089767456 0.9333333373069763
vt 0.9722222089767456 0.9333333373069763
vt 0.9722222089767456 0.9333333373069763
vt 0.9722222089767456 0.9333333373069763
vt 0.9722222089767456 0.9333333373069763
vt 0.9722222089767456 0.9333333373069763
vt 0.9722222089767456 0.9333333373069763
vt 0.9722222089767456 0.9333333373069763
vt 0.9722222089767456 0.9333333373069763
vn -0.45199157880554625 -0.713079076309394 0.5359308198066343
vn -0.45199155509173217 -0.7130790859148525 0.5359308270258354
vn -0.4519915740330308 -0.7130791283847313 0.5359307545431731
vn -0.45199155509173217 -0.7130790859148525 0.5359308270258354
vn -0.45199157880554625 -0.713079076309394 0.5359308198066343
vn -0.45199157880554625 -0.713079076309394 0.5359308198066343
vn -0.6634404227163072 -0.7465277662272826 -0.05042915582985162
vn -0.6634404228409432 -0.7465277663675278 -0.05042915211403522
vn -0.6634404228409432 -0.7465277663675278 -0.05042915211403522
vn -0.6634404228409432 -0.7465277663675278 -0.05042915211403522
vn -0.6634404228409432 -0.7465277663675278 -0.05042915211403522
vn -0.6634404227163072 -0.7465277662272826 -0.05042915582985162
vn -0.6693126909706243 -0.6778758643449344 -0.3041460738596993
vn -0.6693126639273463 -0.6778758965603074 -0.3041460615708161
vn -0.6693126909706243 -0.6778758643449344 -0.3041460738596993
vn -0.6693126639273463 -0.6778758965603074 -0.3041460615708161
vn -0.6693126909706243 -0.6778758643449344 -0.3041460738596993
vn -0.6693126909706243 -0.6778758643449344 -0.3041460738596993
vn -0.69903433980176 0.5057743835410629 0.5055128729632663
vn -0.6990342976657746 0.5057744126589304 0.505512902096901
vn -0.69903433980176 0.5057743835410629 0.5055128729632663
vn -0.69903433980176 0.5057743835410629 0.5055128729632663
vn -0.6990342976657746 0.5057744126589304 0.505512902096901
vn -0.6990342976657746 0.5057744126589304 0.505512902096901
vn -0.7367081267136356 0.6754756468013488 -0.03152438123715103
vn -0.736708099545265 0.675475676541638 -0.03152437889983698
vn -0.7367081267136356 0.6754756468013488 -0.03152438123715103
vn -0.736708099545265 0.675475676541638 -0.03152437889983698
vn -0.7367081267136356 0.6754756468013488 -0.03152438123715103
vn -0.7367081563745995 0.6754756143923558 -0.031524382506371504
vn -0.7410892654703267 0.6027230177780663 -0.29582370500883204
vn -0.7410892388466275 0.6027230557298301 -0.2958236943813365
vn -0.7410892323130116 0.6027230504160838 -0.29582372157560693
vn -0.7410892388466275 0.6027230557298301 -0.2958236943813365
vn -0.7410892654703267 0.6027230177780663 -0.29582370500883204
vn -0.7410892323130116 0.6027230504160838 -0.29582372157560693
vn -0.5928508005463341 0.3364902280008841 0.7316435298364112
vn -0.5928507746924948 0.33649021332676127 0.7316435575345549
vn -0.5928507746924948 0.33649021332676127 0.7316435575345549
vn -0.5928508005463341 0.3364902280008841 0.7316435298364112
vn -0.5928507746924948 0.33649021332676127 0.7316435575345549
vn -0.5928507488386568 0.33649019865263907 0.7316435852326947
vn -0.6301669021263315 0.24866443382164305 0.7355648678510033
vn -0.6301668661913072 0.24866444316169603 0.7355648954794611
vn -0.630166899791318 0.24866444780140515 0.7355648651254498
vn -0.6301668661913072 0.24866444316169603 0.7355648954794611
vn -0.6301669021263315 0.24866443382164305 0.7355648678510033
vn -0.6301669057628684 0.24866444153889697 0.7355648621266522
vn -0.9113053248355656 -0.23454833055796115 -0.33839279773484776
vn -0.9113053349398988 -0.2345483178177591 -0.3383927793540193
vn -0.9113053147312308 -0.2345483432981645 -0.338392816115678
vn -0.9113053248355656 -0.23454833055796115 -0.33839279773484776
vn -0.9113053216505145 -0.23454834463936566 -0.33839279655215093
vn -0.9113053349398988 -0.2345483178177591 -0.3383927793540193
vn -0.938090688016848 -0.3340852066920605 -0.09150374705770248
vn -0.938090695168562 -0.33408518801183323 -0.09150374194131075
vn -0.938090702320275 -0.334085169331608 -0.09150373682491957
vn -0.938090702320275 -0.334085169331608 -0.09150373682491957
vn -0.9380906858284481 -0.33408521448783074 -0.0915037410302534
vn -0.938090688016848 -0.3340852066920605 -0.09150374705770248
vn -0.9312669968386406 -0.3488671017335106 0.10504059180716695
vn -0.931266988926614 -0.34886712109836854 0.10504059763774293
vn -0.9312669864273894 -0.3488671276356145 0.10504059808342761
vn -0.931266988926614 -0.34886712109836854 0.10504059763774293
vn -0.9312669968386406 -0.3488671017335106 0.10504059180716695
vn -0.9312669993378654 -0.3488670951962625 0.10504059136148182
vn -0.9454528821395033 0.01628901511466889 -0.32535137258155306
vn -0.945452879297354 0.01628901403878687 -0.3253513808945448
vn -0.945452879297354 0.01628901403878687 -0.3253513808945448
vn -0.945452879297354 0.01628901403878687 -0.3253513808945448
vn -0.9454528821395033 0.01628901511466889 -0.32535137258155306
vn -0.9454528701013428 0.016289015742996793 -0.3253514075323141
vn -0.9913912933338154 0.11328948131112669 -0.06564142690527502
vn -0.9913912933338154 0.11328948131112669 -0.06564142690527502
vn -0.9913912924970094 0.11328948866608252 -0.06564142684986866
vn -0.9913912933338154 0.11328948131112669 -0.06564142690527502
vn -0.9913912933338154 0.11328948131112669 -0.06564142690527502
vn -0.9913912931488011 0.11328948065061871 -0.06564143083953346
vn -0.9776462163321104 0.13405690781618726 0.16197722419609165
vn -0.9776462143791605 0.1340569224495561 0.16197722387252586
vn -0.9776462189671046 0.1340569000043894 0.16197721475731414
vn -0.9776462143791605 0.1340569224495561 0.16197722387252586
vn -0.9776462163321104 0.13405690781618726 0.16197722419609165
vn -0.9776462189671046 0.1340569000043894 0.16197721475731414
vn -0.7427111723243823 -0.5063619134599556 -0.43815262991532333
vn -0.7427111777132968 -0.5063618981662942 -0.4381526384550882
vn -0.7427111680149994 -0.5063618915542366 -0.4381526625360285
vn -0.7427111777132968 -0.5063618981662942 -0.4381526384550882
vn -0.7427111723243823 -0.5063619134599556 -0.43815262991532333
vn -0.7427111455988457 -0.5063619358761074 -0.4381526493119162
vn -0.7168402774968999 0.4890311659627082 -0.4969794113193443
vn -0.7168402881141218 0.4890311732058164 -0.4969793888778543
vn -0.7168402881141218 0.4890311732058164 -0.4969793888778543
vn -0.7168402881141218 0.4890311732058164 -0.4969793888778543
vn -0.7168402774968999 0.4890311659627082 -0.4969794113193443
vn -0.7168402881141218 0.4890311732058164 -0.4969793888778543
vn -0.9401218903740717 -0.2244430921454544 -0.2565075625155501
vn -0.9401218869674086 -0.22444309200340318 -0.25650757512555244
vn -0.9401218935182746 -0.22444307799493424 -0.25650756337342967
vn -0.9401218869674086 -0.22444309200340318 -0.25650757512555244
vn -0.9401218903740717 -0.2244430921454544 -0.2565075625155501
vn -0.9401218901116112 -0.22444307785288392 -0.256507575983432
vn -0.9559018163340802 0.06334692395851356 -0.2867732287962055
vn -0.9559018163340802 0.06334692395851356 -0.2867732287962055
vn -0.9559018163340802 0.06334692395851356 -0.2867732287962055
vn -0.9559018163340802 0.06334692395851356 -0.2867732287962055
vn -0.9559018163340802 0.06334692395851356 -0.2867732287962055
vn -0.9559018249548606 0.06334691707922487 -0.28677320158014175
vn -0.6426971659890208 -0.7217678211366879 0.25688823484402606
vn -0.6426971659890208 -0.7217678211366879 0.25688823484402606
vn -0.6426971659890208 -0.7217678211366879 0.25688823484402606
vn -0.6426971659890208 -0.7217678211366879 0.25688823484402606
vn -0.6426971659890208 -0.7217678211366879 0.25688823484402606
vn -0.6426971659890208 -0.7217678211366879 0.25688823484402606
vn -0.7771194631184145 0.6096547571963519 0.1562255327096193
vn -0.7771194377007997 0.6096547840162748 0.1562255544834521
vn -0.7771194395098886 0.6096547854355163 0.1562255399459747
vn -0.7771194377007997 0.6096547840162748 0.1562255544834521
vn -0.7771194631184145 0.6096547571963519 0.1562255327096193
vn -0.7771194395098886 0.6096547854355163 0.1562255399459747
vn -0.995222695200013 -0.07738407075468651 -0.059527242101880436
vn -0.9952226957681516 -0.07738406616427175 -0.05952723857073084
vn -0.9952226957738147 -0.07738406334872186 -0.05952724213620098
vn -0.9952226957681516 -0.07738406616427175 -0.05952723857073084
vn -0.995222695200013 -0.07738407075468651 -0.059527242101880436
vn -0.995222694979316 -0.07738407073752597 -0.05952724581397034
vn -0.9856482766633304 0.13143713124555859 -0.1059327864286817
vn -0.9856482810703023 0.13143710898373587 -0.10593277304571888
vn -0.985648277441264 0.1314371313492965 -0.10593277906170942
vn -0.9856482810703023 0.13143710898373587 -0.10593277304571888
vn -0.9856482766633304 0.13143713124555859 -0.1059327864286817
vn -0.9856482783619122 0.1314371235237307 -0.10593278020521396
vn -0.8936701901836572 -0.3466066295119826 0.28498672873565384
vn -0.8936701994149863 -0.3466066032899956 0.28498673167947725
vn -0.8936701853637579 -0.34660663432748884 0.2849867379933267
vn -0.8936701994149863 -0.3466066032899956 0.28498673167947725
vn -0.8936701901836572 -0.3466066295119826 0.28498672873565384
vn -0.8936701853637579 -0.34660663432748884 0.2849867379933267
vn -0.9868629834682905 0.11552756640128188 0.11293729791996118
vn -0.9868629824947844 0.11552757421083364 0.11293729843793605
vn -0.9868629826378963 0.11552756630407114 0.11293730527551087
vn -0.9839622146143717 0.03659701762131447 -0.17458241180716458
vn -0.9839622127178496 0.03659701976768258 -0.17458242204619898
vn -0.9839622154117563 0.0365970161425876 -0.17458240762301216
vn -0.9839622146143717 0.03659701762131447 -0.17458241180716458
vn -0.9839622127178496 0.03659701976768258 -0.17458242204619898
vn -0.9839622127178496 0.03659701976768258 -0.17458242204619898
vn -0.9910421217918666 0.005490066497209986 -0.13343677155915992
vn -0.9910421228549459 0.005490066172907864 -0.13343676367695517
vn -0.9910421228549459 0.005490066172907864 -0.13343676367695517
vn -0.9910421228549459 0.005490066172907864 -0.13343676367695517
vn -0.9910421217918666 0.005490066497209986 -0.13343677155915992
vn -0.9910421237649514 0.005490066042478457 -0.13343675692366025
vn -0.988036432824261 -0.1139141822034319 -0.10395944644347045
vn -0.988036431985688 -0.11391418955733054 -0.10395944635523752
vn -0.9880364335895528 -0.1139141822916653 -0.1039594390734124
vn -0.9880364335895528 -0.1139141822916653 -0.1039594390734124
vn -0.988036431985688 -0.11391418955733054 -0.10395944635523752
vn -0.9880364344281257 -0.11391417493776662 -0.10395943916164531
vn -0.9927881072953872 0.057934231983854716 -0.10495426993354585
vn -0.9927881063047912 0.0579342356513392 -0.10495427727940428
vn -0.9927881077239179 0.057934224558280574 -0.10495426997884895
vn -0.9927881063047912 0.0579342356513392 -0.10495427727940428
vn -0.9927881072953872 0.057934231983854716 -0.10495426993354585
vn -0.9927881071614156 0.0579342322230935 -0.10495427106875792
vn -0.9881425022729935 0.030914510656720427 -0.15039510707640183
vn -0.9881424986533613 0.03091451240823884 -0.15039513049847233
vn -0.9881424986533613 0.03091451240823884 -0.15039513049847233
vn -0.9881424986533613 0.03091451240823884 -0.15039513049847233
vn -0.9881425022729935 0.030914510656720427 -0.15039510707640183
vn -0.9881425009247502 0.030914510616654588 -0.15039511594301555
vn -0.9881984259711397 -0.022271906852888785 -0.15155142055849602
vn -0.9881984273696952 -0.022271905541046425 -0.1515514116319333
vn -0.9881984265776054 -0.022271902317186152 -0.15155141727057167
vn -0.9881984273696952 -0.022271905541046425 -0.1515514116319333
vn -0.9881984259711397 -0.022271906852888785 -0.15155142055849602
vn -0.9881984274106904 -0.022271903679325213 -0.1515514116382203
vn -0.3051980319461336 -0.685910006427674 0.6605918742904692
vn -0.30519801992916107 -0.6859099794204191 0.6605919078847392
vn -0.30519801992916107 -0.6859099794204191 0.6605919078847392
vn -0.30519801992916107 -0.6859099794204191 0.6605919078847392
vn -0.30519805897249225 -0.685910000188904 0.6605918682819831
vn -0.3051980319461336 -0.685910006427674 0.6605918742904692
vn -0.7807728127882683 -0.3591665684161907 0.5112662622771362
vn -0.7807728127882683 -0.3591665684161907 0.5112662622771362
vn -0.7807728360575497 -0.3591665517014113 0.5112662384839897
vn -0.7807728122644022 -0.3591665407562289 0.5112662825083817
vn -0.7807728360575497 -0.3591665517014113 0.5112662384839897
vn -0.7807728127882683 -0.3591665684161907 0.5112662622771362
vn -0.5227086251861139 0.3913567020178779 0.7573741644271559
vn -0.5227086563122598 0.39135674030041195 0.7573741231634915
vn -0.5227086487827585 0.39135671968490243 0.7573741390126648
vn -0.5227086563122598 0.39135674030041195 0.7573741231634915
vn -0.5227086251861139 0.3913567020178779 0.7573741644271559
vn -0.5227086487827585 0.39135671968490243 0.7573741390126648
vn -0.187709290598284 -0.8324524666049992 0.5213330155153629
vn -0.18770929136878234 -0.8324524765009674 0.5213329994362872
vn -0.18770928553592828 -0.8324524506334499 0.5213330428410953
vn -0.18770929136878234 -0.8324524765009674 0.5213329994362872
vn -0.187709290598284 -0.8324524666049992 0.5213330155153629
vn -0.18770928553592828 -0.8324524506334499 0.5213330428410953
vn -0.7029997475595804 -0.2091455993202057 0.6797422108536133
vn -0.7029997475595804 -0.2091455993202057 0.6797422108536133
vn -0.7029997168860813 -0.20914560509586388 0.679742240799536
vn -0.7029997475595804 -0.2091455993202057 0.6797422108536133
vn -0.7029997475595804 -0.2091455993202057 0.6797422108536133
vn -0.7029997453686732 -0.2091456135695621 0.6797422087351881
vn -0.6373868235918869 -0.10265191812961234 0.7636757301471326
vn -0.6373867940914356 -0.10265192082911116 0.7636757544062375
vn -0.6373867650784696 -0.10265191615653962 0.7636757792494107
vn -0.6373867940914356 -0.10265192082911116 0.7636757544062375
vn -0.6373868235918869 -0.10265191812961234 0.7636757301471326
vn -0.6373867650784696 -0.10265191615653962 0.7636757792494107
vn -0.8444257716415569 -0.019074730341928782 0.5353328598637896
vn -0.8444257716415569 -0.019074730341928782 0.5353328598637896
vn -0.8444257716715587 -0.019074728479961337 0.5353328598828098
vn -0.8444257716715587 -0.019074728479961337 0.5353328598828098
vn -0.8444257716415569 -0.019074730341928782 0.5353328598637896
vn -0.844425771611555 -0.019074732203896223 0.5353328598447695
vn -0.9598617747771461 -0.020910838719139558 0.2796928854042041
vn -0.9598617714650424 -0.020910837348482966 0.2796928968732959
vn -0.9598617667388344 -0.02091084040666898 0.27969291286425263
vn -0.9598617714650424 -0.020910837348482966 0.2796928968732959
vn -0.9598617747771461 -0.020910838719139558 0.2796928854042041
vn -0.9598617714650424 -0.020910837348482966 0.2796928968732959
vn -0.9911147691049519 -0.12256909834718929 -0.051655886328615494
vn -0.9911147669133117 -0.12256911297731383 -0.05165589366497015
vn -0.9911147671453585 -0.12256911292661313 -0.05165588933301669
vn -0.031061956426679648 0.6179971816837718 0.785566444225988
vn -0.03106195683310087 0.6179971527112821 0.7855664670022816
vn -0.03106195683310087 0.6179971527112821 0.7855664670022816
vn -0.0506332244234724 -0.798631041902788 0.5996871980405698
vn -0.0506332244234724 -0.798631041902788 0.5996871980405698
vn -0.05063322391912199 -0.7986310347938824 0.5996872075504102
vn -0.9209227663642089 0.2833072809104111 0.26765321402001196
vn -0.9209227573101885 0.28330729646150765 0.26765322871183694
vn -0.9209227663642089 0.2833072809104111 0.26765321402001196
vn -0.9209227663642089 0.2833072809104111 0.26765321402001196
vn -0.9209227663642089 0.2833072809104111 0.26765321402001196
vn -0.9209227573101885 0.28330729646150765 0.26765322871183694
vn -0.9414074915619063 0.3355032083681144 -0.034489592717523276
vn -0.9414074943156401 0.3355032007893618 -0.03448959127680789
vn -0.9414074849027184 0.33550322723706366 -0.03448959093195321
vn -0.9414074943156401 0.3355032007893618 -0.03448959127680789
vn -0.9414074915619063 0.3355032083681144 -0.034489592717523276
vn -0.9414074849027184 0.33550322723706366 -0.03448959093195321
vn -0.9098146499913803 0.3151598844528195 -0.2700213878431631
vn -0.9098146426698608 0.31515988191664546 -0.2700214154725505
vn -0.9098146324037166 0.3151598990075064 -0.27002143011558954
vn -0.9098146426698608 0.31515988191664546 -0.2700214154725505
vn -0.9098146499913803 0.3151598844528195 -0.2700213878431631
vn -0.9098146426698608 0.31515988191664546 -0.2700214154725505
vn -0.6231273463836439 -0.7380674177171745 0.2587833014187354
vn -0.6231273099227501 -0.7380674451299442 0.2587833110302788
vn -0.6231273147285222 -0.7380674508221732 0.2587832832237825
vn -0.6231273099227501 -0.7380674451299442 0.2587833110302788
vn -0.6231273463836439 -0.7380674177171745 0.2587833014187354
vn -0.6231273099227501 -0.7380674451299442 0.2587833110302788
vn -0.8762947716368276 -0.3061049742611416 0.3720312055924158
vn -0.8762947716368276 -0.3061049742611416 0.3720312055924158
vn -0.8762947854715095 -0.3061049582729007 0.3720311861607664
vn -0.8762947716368276 -0.3061049742611416 0.3720312055924158
vn -0.8762948010278933 -0.30610497268840087 0.3720311376577479
vn -0.8762947716368276 -0.3061049742611416 0.3720312055924158
vn -0.9630403949944445 0.12152467798341032 0.24038500421193718
vn -0.9630403906757701 0.12152468481817898 0.24038501805832754
vn -0.963040394997361 0.12152467791293459 0.24038500423588136
vn -0.963040394997361 0.12152467791293459 0.24038500423588136
vn -0.963040394997361 0.12152467791293459 0.24038500423588136
vn -0.9630403949944445 0.12152467798341032 0.24038500421193718
vn -0.9890310260280654 -0.059825952992315926 0.13504993484794245
vn -0.9890310242581627 -0.05982594915996576 0.13504994950742735
vn -0.9890310240377382 -0.05982595287192263 0.13504994947732876
vn -0.9890310242581627 -0.05982594915996576 0.13504994950742735
vn -0.9890310240377382 -0.05982595287192263 0.13504994947732876
vn -0.9890310240377382 -0.05982595287192263 0.13504994947732876
vn -0.9432214670072943 0.27416818396718223 0.18752352139597026
vn -0.9432214707735005 0.27416817258499876 0.18752351909367798
vn -0.9432214643716336 0.27416818320106867 0.18752353577313094
vn -0.9432214707735005 0.27416817258499876 0.18752351909367798
vn -0.9432214670072943 0.27416818396718223 0.18752352139597026
vn -0.9432214643716336 0.27416818320106867 0.18752353577313094
vn -0.7672885044913883 -0.5272982165485441 -0.36499992013710547
vn -0.7672885206584454 -0.5272981866972414 -0.3649999292761243
vn -0.7672885044913883 -0.5272982165485441 -0.36499992013710547
vn -0.7672885206584454 -0.5272981866972414 -0.3649999292761243
vn -0.7672884799778827 -0.5272982406639797 -0.36499993682999726
vn -0.7672885044913883 -0.5272982165485441 -0.36499992013710547
vn -0.7427114664864289 0.49490492597823543 -0.4510529811364239
vn -0.7427114664864289 0.49490492597823543 -0.4510529811364239
vn -0.7427114565025842 0.4949049193255131 -0.45105300487549943
vn -0.7427114664864289 0.49490492597823543 -0.4510529811364239
vn -0.7427114565025842 0.4949049193255131 -0.45105300487549943
vn -0.7427114664864289 0.49490492597823543 -0.4510529811364239
vn -0.9297912918745838 -0.2701116096618277 -0.2500557375468299
vn -0.9297912999503061 -0.2701115946922762 -0.2500557236887724
vn -0.9297912918745838 -0.2701116096618277 -0.2500557375468299
vn -0.9297912918745838 -0.2701116096618277 -0.2500557375468299
vn -0.9297912918745838 -0.2701116096618277 -0.2500557375468299
vn -0.9297912999503061 -0.2701115946922762 -0.2500557236887724
vn -0.9687375201056299 0.0626453733277996 -0.2400482750202862
vn -0.9687375238196033 0.06264536997184446 -0.2400482609079978
vn -0.9687375201056299 0.0626453733277996 -0.2400482750202862
vn -0.9687375238196033 0.06264536997184446 -0.2400482609079978
vn -0.9687375201056299 0.0626453733277996 -0.2400482750202862
vn -0.9687375164371061 0.06264537694502204 -0.24004828888097468
vn -0.8907796856591995 0.2980970501107444 -0.3430010208908573
vn -0.8907796777455267 0.29809707726477647 -0.3430010178436406
vn -0.890779664244398 0.2980970628908746 -0.34300106539844955
vn -0.8907796733501514 0.2980970659380899 -0.34300103910236146
vn -0.890779664244398 0.2980970628908746 -0.34300106539844955
vn -0.8907796777455267 0.29809707726477647 -0.3430010178436406
vn -0.9370766183408695 0.25436430953790656 0.23913638241000534
vn -0.9370766222667372 0.25436429442420844 0.2391363831022741
vn -0.9370766183408695 0.25436430953790656 0.23913638241000534
vn -0.9370766183408695 0.25436430953790656 0.23913638241000534
vn -0.9370766150016816 0.2543643086315018 0.2391363964590259
vn -0.9370766183408695 0.25436430953790656 0.23913638241000534
vn -0.969547064212901 0.04315327900060451 0.24107319383880266
vn -0.9695470674477921 0.04315328552280181 0.2410731796612268
vn -0.9695470640286588 0.043153284298255774 0.24107319363148225
vn -0.5193106502768475 0.44654716823676893 0.7286371353758745
vn -0.5193106433657867 0.44654719209637783 0.7286371256790676
vn -0.5193106364547255 0.4465472159559857 0.7286371159822603
vn -0.5193106502768475 0.44654716823676893 0.7286371353758745
vn -0.5193106364547255 0.4465472159559857 0.7286371159822603
vn -0.5193106433657867 0.44654719209637783 0.7286371256790676
vn -0.6305620296276655 0.7425035570656718 0.2260088372977118
vn -0.6305620317512682 0.742503559566271 0.22600882315770202
vn -0.6305620317512682 0.742503559566271 0.22600882315770202
vn -0.6305620317512682 0.742503559566271 0.22600882315770202
vn -0.6305620296276655 0.7425035570656718 0.2260088372977118
vn -0.6305620317512682 0.742503559566271 0.22600882315770202
vn -0.7687965114889903 0.5604389826592774 -0.3079936210998419
vn -0.7687965114889903 0.5604389826592774 -0.3079936210998419
vn -0.7687965358644211 0.560438956977812 -0.307993606986392
vn -0.7687965114889903 0.5604389826592774 -0.3079936210998419
vn -0.7687965358644211 0.560438956977812 -0.307993606986392
vn -0.7687965371704568 0.560438941775965 -0.3079936313882984
vn -0.9446139603949985 -0.27572268865950644 -0.17799287846778922
vn -0.9446139603949985 -0.27572268865950644 -0.17799287846778922
vn -0.9446139617373718 -0.27572267664696465 -0.17799288995198734
vn -0.9446139603949985 -0.27572268865950644 -0.17799287846778922
vn -0.9446139617373718 -0.27572267664696465 -0.17799288995198734
vn -0.9446139578895986 -0.27572268792820653 -0.17799289289685888
vn -0.7839157365380459 -0.2745634526346316 0.5568581762759378
vn -0.7839157135618778 -0.27456346546361426 0.5568582022951468
vn -0.7839157365380459 -0.2745634526346316 0.5568581762759378
vn -0.7839157135618778 -0.27456346546361426 0.5568582022951468
vn -0.7839157365380459 -0.2745634526346316 0.5568581762759378
vn -0.7839157105188362 -0.2745634435215062 0.5568582173977148
vn -0.880906844281879 -0.4402848514353201 0.17364441048855983
vn -0.8809068309302522 -0.44028487455297644 0.1736444196059569
vn -0.880906832723051 -0.4402848754604378 0.17364440821008192
vn -0.8809068309302522 -0.44028487455297644 0.1736444196059569
vn -0.880906844281879 -0.4402848514353201 0.17364441048855983
vn -0.880906844281879 -0.4402848514353201 0.17364441048855983
vn -0.993208137034429 0.11214837622355894 -0.030989324597645532
vn -0.9932081379216544 0.11214836887316001 -0.03098932276268328
vn -0.993208137091759 0.1121483762300323 -0.03098932273678926
vn -0.993208137091759 0.1121483762300323 -0.03098932273678926
vn -0.993208137091759 0.1121483762300323 -0.03098932273678926
vn -0.993208137034429 0.11214837622355894 -0.030989324597645532
vn -0.9974607708319725 0.06536948534095863 -0.028263776066647057
vn -0.9974607711204843 0.06536948181552939 -0.028263774038473043
vn -0.997460770884484 0.06536948534439996 -0.028263774205489926
vn -0.9974607711204843 0.06536948181552939 -0.028263774038473043
vn -0.9974607708319725 0.06536948534095863 -0.028263776066647057
vn -0.997460770884484 0.06536948534439996 -0.028263774205489926
vn -0.9930218192229512 0.10894429828232918 -0.04515314406452144
vn -0.9930218191017712 0.10894430009176015 -0.04515314236380196
vn -0.9930218190788439 0.10894429917788212 -0.04515314507300924
vn -0.9930218191017712 0.10894430009176015 -0.04515314236380196
vn -0.9930218192229512 0.10894429828232918 -0.04515314406452144
vn -0.9930218192458785 0.10894429919620734 -0.04515314135531405
vn 0 0.8548410163256792 0.5188900045359129
vn 0 0.8548410163256792 0.5188900045359129
vn 0 0.8548410002773185 0.5188900309746506
vn 0 -0.715889609079439 -0.6982134828346472
vn 0 -0.7158896381368236 -0.6982134530416382
vn 0 -0.7158896381368236 -0.6982134530416382
vn 0 -0.7158896381368236 -0.6982134530416382
vn 0 -0.715889609079439 -0.6982134828346472
vn 0 -0.715889609079439 -0.6982134828346472
vn -0.9978815948097566 -0.023909401842257316 -0.060503415139003584
vn -0.9978815950175821 -0.02390940228174526 -0.060503411537664344
vn -0.9978815950346719 -0.02390940184764645 -0.060503411427350176
vn -0.9978815950175821 -0.02390940228174526 -0.060503411537664344
vn -0.9978815948097566 -0.023909401842257316 -0.060503415139003584
vn -0.9978815950175821 -0.02390940228174526 -0.060503411537664344
vn -0.9912865229636713 -0.12344356236390357 -0.045964293767049365
vn -0.9912865229636713 -0.12344356236390357 -0.045964293767049365
vn -0.9912865227939331 -0.12344356234276617 -0.04596429748446889
vn -0.9912865229636713 -0.12344356236390357 -0.045964293767049365
vn -0.9912865229636713 -0.12344356236390357 -0.045964293767049365
vn -0.9912865227939331 -0.12344356234276617 -0.04596429748446889
vn -0.87825613786957 -0.4780165697885296 0.012896329013902327
vn -0.87825613786957 -0.4780165697885296 0.012896329013902327
vn -0.87825613786957 -0.4780165697885296 0.012896329013902327
vn -0.87825613786957 -0.4780165697885296 0.012896329013902327
vn -0.87825613786957 -0.4780165697885296 0.012896329013902327
vn -0.87825613786957 -0.4780165697885296 0.012896329013902327
vn -0.9737645408430697 -0.19382947609772447 0.11921725207522302
vn -0.9737645408430697 -0.19382947609772447 0.11921725207522302
vn -0.9737645442465372 -0.19382945883727185 0.11921725233867843
vn -0.9737645408430697 -0.19382947609772447 0.11921725207522302
vn -0.9737645408430697 -0.19382947609772447 0.11921725207522302
vn -0.9737645414340285 -0.193829473178599 0.1192172519943446
vn 0 -0.4431901376504541 0.8964276333811734
vn 0 -0.4431901613306542 0.8964276216737794
vn 0 -0.4431901376504541 0.8964276333811734
vn -0.2186305052549811 0.21706475574002415 0.951358814531865
vn -0.2186305194438751 0.21706475503286016 0.9513588114324826
vn -0.21863053184140616 0.21706476734160596 0.9513588057750233
vn -0.5200800216300394 0.1273281010318778 0.8445734578998523
vn -0.5200799964357181 0.12732807996253903 0.844573476590685
vn -0.5200799692678653 0.1273280882123538 0.8445734920766359
vn -0.5200799964357181 0.12732807996253903 0.844573476590685
vn -0.5200800216300394 0.1273281010318778 0.8445734578998523
vn -0.5200800216300394 0.1273281010318778 0.8445734578998523
vn -0.6494521730934918 0.05135892603135415 0.7586660237423627
vn -0.6494521434767384 0.05135893113982802 0.7586660487498068
vn -0.6494521434767384 0.05135893113982802 0.7586660487498068
vn -0.6494521730934918 0.05135892603135415 0.7586660237423627
vn -0.6494521434767384 0.05135893113982802 0.7586660487498068
vn -0.649452172969234 0.051358929746818 0.7586660235972094
vn -0.5244767481871208 0.14948390522705152 0.8381996794852247
vn -0.5244767640245304 0.14948390765387914 0.8381996691426714
vn -0.5244767481871208 0.14948390522705152 0.8381996794852247
vn -0.6215183533952547 0.09379102625533148 0.7777648615017414
vn -0.6215183895411966 0.09379103016584672 0.7777648321456472
vn -0.6215183602942871 0.09379103320288225 0.777764855150859
vn -0.6215183602942871 0.09379103320288225 0.777764855150859
vn -0.6215183895411966 0.09379103016584672 0.7777648321456472
vn -0.6215183533952547 0.09379102625533148 0.7777648615017414
vn 0.6445436473132811 -0.7579644505943411 0.10026653650800545
vn 0.6445436134335882 -0.757964480846127 0.10026652560867054
vn 0.6445436425529112 -0.7579644554849546 0.10026653013853415
vn 0.44201189192047846 0.8943698671106959 0.06876065884847017
vn 0.4420118685476732 0.8943698787250673 0.06876065802697684
vn 0.44201189192047846 0.8943698671106959 0.06876065884847017
vn 0.44201189192047846 0.8943698671106959 0.06876065884847017
vn 0.44201189192047846 0.8943698671106959 0.06876065884847017
vn 0.4420118683574443 0.894369879037736 0.06876065518293792
vn 0.5418084179052524 0.8362652462066628 0.08428568249659658
vn 0.5418084719184505 0.8362652103651438 0.0842856908990815
vn 0.5418084179052524 0.8362652462066628 0.08428568249659658
vn 0.5418084179052524 0.8362652462066628 0.08428568249659658
vn 0.5418084449118504 0.8362652282859047 0.08428568669783888
vn 0.5418084719184505 0.8362652103651438 0.0842856908990815
vn 0.62835473570879 -0.7717613235339813 0.09774858366960527
vn 0.6283547713221268 -0.7717612940672537 0.09774858738803276
vn 0.62835473570879 -0.7717613235339813 0.09774858366960527
vn 0.6283547713221268 -0.7717612940672537 0.09774858738803276
vn 0.62835473570879 -0.7717613235339813 0.09774858366960527
vn 0.6283547650710795 -0.7717612999928497 0.09774858078670488
vn 0.5899932844492672 0.8021745739948852 0.09178168194629456
vn 0.5899933233060045 0.802174545785342 0.0917816787186688
vn 0.5899933233060045 0.802174545785342 0.0917816787186688
vn 0.8026284409144104 -0.5832646773565153 0.12485952900561008
vn 0.8026283918042127 -0.5832647445873976 0.1248595306381581
vn 0.8026284197078183 -0.5832647052601193 0.12485953497893744
vn 0.8026283918042127 -0.5832647445873976 0.1248595306381581
vn 0.8026284409144104 -0.5832646773565153 0.12485952900561008
vn 0.8026284197078183 -0.5832647052601193 0.12485953497893744
vn 0.21863079143887 -0.21706438614420748 -0.9513588330922521
vn 0.21863079323021606 -0.21706437312831894 -0.951358835650322
vn 0.21863079252305226 -0.21706438732738156 -0.9513588325731415
vn 0.4781803018872305 -0.13515304015798071 -0.8678002388931986
vn 0.47818030014122026 -0.13515303124114825 -0.8678002412440214
vn 0.47818030014122026 -0.13515303124114825 -0.8678002412440214
vn 0.4781803018872305 -0.13515304015798071 -0.8678002388931986
vn 0.47818030014122026 -0.13515303124114825 -0.8678002412440214
vn 0.47818032312904807 -0.13515302931509832 -0.8678002288771025
vn 0.5329861206296739 -0.12883950278099876 -0.8362572437589259
vn 0.5329860779571727 -0.12883950687402948 -0.8362572703255186
vn 0.5329861471962687 -0.128839509202982 -0.8362572258373687
vn 0.5329860779571727 -0.12883950687402948 -0.8362572703255186
vn 0.5329861206296739 -0.12883950278099876 -0.8362572437589259
vn 0.5329860940630813 -0.12883949635901598 -0.8362572616804802
vn 0.5279213106231552 -0.13422778579427824 -0.8386190978690475
vn 0.5279212676303826 -0.13422779001796462 -0.8386191242575038
vn 0.5279213106231552 -0.13422778579427824 -0.8386190978690475
vn 0.49818254654662103 -0.14813112341546877 -0.854325067285278
vn 0.4981825506087885 -0.14813111858368033 -0.8543250657542886
vn 0.49818254654662103 -0.14813112341546877 -0.854325067285278
vn 0.49818254654662103 -0.14813112341546877 -0.854325067285278
vn 0.49818254654662103 -0.14813112341546877 -0.854325067285278
vn 0.4981825719149435 -0.14813113095856545 -0.8543250511843536
vn -0.9707608737628989 0.2393873701947451 -0.01780485782973916
vn -0.9707608772861743 0.2393873559596198 -0.01780485712493278
vn -0.9707608807490238 0.23938734191238864 -0.01780485718844588
vn -0.9707608772861743 0.2393873559596198 -0.01780485712493278
vn -0.9707608737911306 0.23938736999891183 -0.017804858923474397
vn -0.9707608807490238 0.23938734191238864 -0.01780485718844588
vn -0.9870930040966271 0.15477450989863947 -0.04113699489670858
vn -0.9870930049957446 0.1547745044843652 -0.041136993692906486
vn -0.9870930040966271 0.15477450989863947 -0.04113699489670858
vn -0.9870930049957446 0.1547745044843652 -0.041136993692906486
vn -0.9870930040966271 0.15477450989863947 -0.04113699489670858
vn -0.9870930040966271 0.15477450989863947 -0.04113699489670858
vn -0.998663216207308 0.043352747737820545 -0.028148176815850568
vn -0.9986632161527774 0.04335275032293715 -0.028148174769031104
vn -0.998663216207308 0.043352747737820545 -0.028148176815850568
vn -0.9986632161527774 0.04335275032293715 -0.028148174769031104
vn -0.9986632162051374 0.04335275032521008 -0.028148172907861757
vn -0.998663216207308 0.043352747737820545 -0.028148176815850568
vn -0.9886062710269885 -0.09856578775543061 -0.113764785282019
vn -0.9886062710269885 -0.09856578775543061 -0.113764785282019
vn -0.9886062712404493 -0.09856578626882058 -0.11376478471506198
vn -0.9886062710269885 -0.09856578775543061 -0.113764785282019
vn -0.9886062710269885 -0.09856578775543061 -0.113764785282019
vn -0.9886062703009832 -0.09856579513362698 -0.11376478519847354
vn -0.9529859856607988 -0.2914053934929811 -0.0830698969381593
vn -0.9529859801880368 -0.29140541004550385 -0.08306990165672797
vn -0.9529859884642987 -0.29140538277390804 -0.08306990237815232
vn -0.9529859939370598 -0.2914053662213866 -0.08306989765958353
vn -0.9529859884642987 -0.29140538277390804 -0.08306990237815232
vn -0.9529859801880368 -0.29140541004550385 -0.08306990165672797
vn -0.9713836366389701 -0.2374888608541644 0.0035876789489725567
vn -0.9713836332005681 -0.23748887491468706 0.003587679169103395
vn -0.9713836366389701 -0.2374888608541644 0.0035876789489725567
vn -0.9713836366389701 -0.2374888608541644 0.0035876789489725567
vn -0.9713836332005681 -0.23748887491468706 0.003587679169103395
vn -0.9713836366389701 -0.2374888608541644 0.0035876789489725567
vn 0 0.9234736190606678 -0.38366192787269443
vn 0 0.9234738125401065 -0.3836614621676778
vn 0 0.9234738125401065 -0.3836614621676778
vn 0 0.9234738125401065 -0.3836614621676778
vn 0 0.9234736190606678 -0.38366192787269443
vn 0 0.9234736190606678 -0.38366192787269443
vn 0 -0.6681211053413656 0.7440525442449827
vn 0 -0.6681201955443345 0.74405336119515
vn 0 -0.6681210723433864 0.7440525738754777
vn 0.11522666814551227 0.4637604389309855 0.8784355811501624
vn 0.1152266550347622 0.4637604163346447 0.8784355947994236
vn 0.11522666238641903 0.4637604159365038 0.8784355940452817
vn 0.11522666238641903 0.4637604159365038 0.8784355940452817
vn 0.11522666710103015 0.4637604648985635 0.8784355675778712
vn 0.11522666814551227 0.4637604389309855 0.8784355811501624
vn 0.12943739321613446 0.9853789445345102 0.11078942596415264
vn 0.12943739310929095 0.9853789437211333 0.11078943332328237
vn 0.12943739300244747 0.9853789429077567 0.1107894406824121
vn 0.12943739310929095 0.9853789437211333 0.11078943332328237
vn 0.12943739321613446 0.9853789445345102 0.11078942596415264
vn 0.12943739310929095 0.9853789437211333 0.11078943332328237
vn 0.12237789304998975 0.4880617356105316 -0.8641871287663806
vn 0.12237789304998975 0.4880617356105316 -0.8641871287663806
vn 0.1223778849663262 0.48806173317396756 -0.864187131287195
vn 0.12237789304998975 0.4880617356105316 -0.8641871287663806
vn 0.12237789304998975 0.4880617356105316 -0.8641871287663806
vn 0.12237789304998975 0.4880617356105316 -0.8641871287663806
vn 0.11206632292647592 -0.5218825813841832 -0.8456238587655391
vn 0.11206630998994363 -0.5218825656253037 -0.8456238702056537
vn 0.11206631734695321 -0.5218825651895532 -0.8456238694995925
vn 0.11206630998994363 -0.5218825656253037 -0.8456238702056537
vn 0.11206632292647592 -0.5218825813841832 -0.8456238587655391
vn 0.11206631905547179 -0.5218825384492977 -0.8456238857761024
vn 0.12829967917311408 -0.627173033965308 0.7682403125265078
vn 0.12829967437696108 -0.6271730701247024 0.7682402838078206
vn 0.1282996820791268 -0.6271729753289028 0.768240359910547
vn 0.1282996820791268 -0.6271729753289028 0.768240359910547
vn 0.12829967917311408 -0.627173033965308 0.7682403125265078
vn 0.12829967917311408 -0.627173033965308 0.7682403125265078
vn 0.1163093206481166 -0.9835498438761685 -0.1382094300022186
vn 0.11630930647979427 -0.9835498466733665 -0.138209422019581
vn 0.11630930647979427 -0.9835498466733665 -0.138209422019581
vn 0.11630930647979427 -0.9835498466733665 -0.138209422019581
vn 0.1163093206481166 -0.9835498438761685 -0.1382094300022186
vn 0.1163093206481166 -0.9835498438761685 -0.1382094300022186
vn 0 -0.7674040195836674 0.6411638407823933
vn 0 -0.7674040489110412 0.6411638056806859
vn 0 -0.7674040489110412 0.6411638056806859
vn 0 -0.7674040195836674 0.6411638407823933
vn 0 -0.7674039902562941 0.6411638758840967
vn 0 -0.7674040489110412 0.6411638056806859
vn -0.6473461174788123 0.31392691175356463 0.6945451016758937
vn -0.6473460906799048 0.3139268987575809 0.6945451325276797
vn -0.6473461521057104 0.31392689964074694 0.6945450748769864
vn -0.6473460906799048 0.3139268987575809 0.6945451325276797
vn -0.6473461174788123 0.31392691175356463 0.6945451016758937
vn -0.6473461521057104 0.31392689964074694 0.6945450748769864
vn -0.7313393270803126 0.6035413770931307 0.31761705685029396
vn -0.7313393007712062 0.6035414149860552 0.3176170454243811
vn -0.7313392938485495 0.6035414092730971 0.3176170722202271
vn -0.7313393007712062 0.6035414149860552 0.3176170454243811
vn -0.7313393548049812 0.6035413507840263 0.3176170430049792
vn -0.7313392938485495 0.6035414092730971 0.3176170722202271
vn 0.45199156953013536 -0.713079108693425 0.5359307845409474
vn 0.45199152660540204 -0.7130791475956492 0.5359307689815731
vn 0.4519915740330308 -0.7130791283847313 0.5359307545431731
vn 0.45199152660540204 -0.7130791475956492 0.5359307689815731
vn 0.45199156953013536 -0.713079108693425 0.5359307845409474
vn 0.45199154581632 -0.7130791182988842 0.5359307917601484
vn 0.663440326581208 -0.7465278517958583 -0.05042915385846877
vn 0.663440326581208 -0.7465278517958583 -0.05042915385846877
vn 0.663440326456572 -0.7465278516556131 -0.05042915757428531
vn 0.663440326456572 -0.7465278516556131 -0.05042915757428531
vn 0.663440326581208 -0.7465278517958583 -0.05042915385846877
vn 0.663440326456572 -0.7465278516556131 -0.05042915757428531
vn 0.6693126639273463 -0.6778758965603074 -0.3041460615708161
vn 0.6693126310243576 -0.6778759236035841 -0.30414607370446195
vn 0.6693126639273463 -0.6778758965603074 -0.3041460615708161
vn 0.6693126639273463 -0.6778758965603074 -0.3041460615708161
vn 0.6693126310243576 -0.6778759236035841 -0.30414607370446195
vn 0.6693126639273463 -0.6778758965603074 -0.3041460615708161
vn 0.6990342671868766 0.5057744337323701 0.5055129231594447
vn 0.6990342671868766 0.5057744337323701 0.5055129231594447
vn 0.699034276603231 0.505774397419482 0.5055129464699764
vn 0.6990342671868766 0.5057744337323701 0.5055129231594447
vn 0.699034276603231 0.505774397419482 0.5055129464699764
vn 0.6990342671868766 0.5057744337323701 0.5055129231594447
vn 0.7367079854539927 0.6754758004435589 -0.03152439029470858
vn 0.7367080127088909 0.6754757707825946 -0.03152438891043425
vn 0.7367080127088909 0.6754757707825946 -0.03152438891043425
vn 0.7367079854539927 0.6754758004435589 -0.03152439029470858
vn 0.7367080127088909 0.6754757707825946 -0.03152438891043425
vn 0.7367079854539927 0.6754758004435589 -0.03152439029470858
vn 0.74108917857504 0.6027231036634824 -0.29582374771007053
vn 0.74108917857504 0.6027231036634824 -0.29582374771007053
vn 0.7410891722867117 0.6027231096777946 -0.29582375120961063
vn 0.74108917857504 0.6027231036634824 -0.29582374771007053
vn 0.7410891722867117 0.6027231096777946 -0.29582375120961063
vn 0.7410891454177225 0.6027231363014938 -0.2958237642768424
vn 0.5928507241467744 0.3364902780730687 0.731643568714271
vn 0.5928507568568319 0.33649029261055957 0.7316435355233732
vn 0.5928506923477173 0.33649028982687507 0.731643589075349
vn 0.5928506923477173 0.33649028982687507 0.731643589075349
vn 0.5928507568568319 0.33649029261055957 0.7316435355233732
vn 0.5928507241467744 0.3364902780730687 0.731643568714271
vn 0.6301667979577935 0.2486644695590549 0.7355649450120195
vn 0.630166831557809 0.24866447419876378 0.7355649146580092
vn 0.6301667643577739 0.24866446491934507 0.7355649753660307
vn 0.6301667643577739 0.24866446491934507 0.7355649753660307
vn 0.630166831557809 0.24866447419876378 0.7355649146580092
vn 0.6301667956227799 0.24866448353881704 0.7355649422864652
vn 0.9113053156451505 -0.23454832819256577 -0.33839282412451493
vn 0.9113053211013327 -0.23454831513535362 -0.3383928184810716
vn 0.9113053124600997 -0.23454834227397017 -0.3383928229418181
vn 0.9113053156451505 -0.23454832819256577 -0.33839282412451493
vn 0.9113053055408147 -0.23454834093276872 -0.33839284250534624
vn 0.9113053211013327 -0.23454831513535362 -0.3383928184810716
vn 0.938090688016848 -0.3340852066920605 -0.09150374705770248
vn 0.938090702320275 -0.334085169331608 -0.09150373682491957
vn 0.938090695168562 -0.33408518801183323 -0.09150374194131075
vn 0.938090702320275 -0.334085169331608 -0.09150373682491957
vn 0.938090688016848 -0.3340852066920605 -0.09150374705770248
vn 0.9380906858284481 -0.33408521448783074 -0.0915037410302534
vn 0.9312669871562115 -0.3488671279086424 0.1050405907150537
vn 0.9312669774737821 -0.3488671540837734 0.1050405896229404
vn 0.9312669767449601 -0.3488671538107455 0.10504059699131424
vn 0.9312669774737821 -0.3488671540837734 0.1050405896229404
vn 0.9312669871562115 -0.3488671279086424 0.1050405907150537
vn 0.9312669799730059 -0.3488671475465292 0.10504058917725517
vn 0.9454528821395033 0.01628901511466889 -0.32535137258155306
vn 0.945452879297354 0.01628901403878687 -0.3253513808945448
vn 0.9454528701013428 0.016289015742996793 -0.3253514075323141
vn 0.945452879297354 0.01628901403878687 -0.3253513808945448
vn 0.9454528821395033 0.01628901511466889 -0.32535137258155306
vn 0.945452879297354 0.01628901403878687 -0.3253513808945448
vn 0.9913912924970094 0.11328948866608252 -0.06564142684986866
vn 0.9913912941706216 0.11328947395617088 -0.0656414269606814
vn 0.9913912941706216 0.11328947395617088 -0.0656414269606814
vn 0.9913912941706216 0.11328947395617088 -0.0656414269606814
vn 0.9913912941706216 0.11328947395617088 -0.0656414269606814
vn 0.991391293985607 0.11328947329566241 -0.06564143089493983
vn 0.9776462167388549 0.13405692277312292 0.16197720936232046
vn 0.9776462186918048 0.13405690813975404 0.16197720968588625
vn 0.9776462213267989 0.13405690032795617 0.16197720024710952
vn 0.9776462186918048 0.13405690813975404 0.16197720968588625
vn 0.9776462167388549 0.13405692277312292 0.16197720936232046
vn 0.9776462213267989 0.13405690032795617 0.16197720024710952
vn 0.7427110994767107 -0.5063619450681429 -0.4381527168703885
vn 0.7427110994767107 -0.5063619450681429 -0.4381527168703885
vn 0.7427111091750083 -0.5063619516802018 -0.4381526927894498
vn 0.7427110994767107 -0.5063619450681429 -0.4381527168703885
vn 0.7427110994767107 -0.5063619450681429 -0.4381527168703885
vn 0.742711072751166 -0.5063619674842954 -0.4381527362669846
vn 0.7168401566901671 0.48903131388452803 -0.4969794400141605
vn 0.7168401775850077 0.48903126853443024 -0.49697945450038533
vn 0.7168401486087955 0.4890312894292709 -0.4969794757348281
vn 0.7168401566901671 0.48903131388452803 -0.4969794400141605
vn 0.7168401986496499 0.48903125310249024 -0.49697943930200805
vn 0.7168401775850077 0.48903126853443024 -0.49697945450038533
vn 0.9401218831872897 -0.22444309042969335 -0.2565075903569958
vn 0.9401218797806267 -0.22444309028764214 -0.25650760296699604
vn 0.9401218869674086 -0.22444309200340318 -0.25650757512555244
vn 0.9401218797806267 -0.22444309028764214 -0.25650760296699604
vn 0.9401218831872897 -0.22444309042969335 -0.2565075903569958
vn 0.940121880043087 -0.22444310458021335 -0.2565075894991162
vn 0.9559018145294468 0.06334695364124375 -0.28677322825480933
vn 0.9559018149806052 0.06334694622056122 -0.2867732283901584
vn 0.9559018154317638 0.06334693879987868 -0.28677322852550746
vn 0.9559018145294468 0.06334695364124375 -0.28677322825480933
vn 0.9559018154317638 0.06334693879987868 -0.28677322852550746
vn 0.9559018231502278 0.06334694676195537 -0.2867732010387458
vn 0.6426970634505815 -0.7217678994631813 0.25688827130973885
vn 0.6426970358012931 -0.72176792801685 0.2568882602582192
vn 0.6426970358012931 -0.72176792801685 0.2568882602582192
vn 0.6426970358012931 -0.72176792801685 0.2568882602582192
vn 0.6426970634505815 -0.7217678994631813 0.25688827130973885
vn 0.6426970634505815 -0.7217678994631813 0.25688827130973885
vn 0.7771192767304222 0.6096549768285885 0.15622560277406167
vn 0.7771192985298745 0.6096549471701783 0.1562256100751814
vn 0.7771192720997956 0.6096549860402585 0.15622558986073945
vn 0.7771192985298745 0.6096549471701783 0.1562256100751814
vn 0.7771192767304222 0.6096549768285885 0.15622560277406167
vn 0.7771192767304222 0.6096549768285885 0.15622560277406167
vn 0.9952226948469078 -0.07738407817781166 -0.059527238355469955
vn 0.9952226943998509 -0.0773840809590396 -0.05952724221417944
vn 0.9952226948469078 -0.07738407817781166 -0.059527238355469955
vn 0.9952226948469078 -0.07738407817781166 -0.059527238355469955
vn 0.9952226948469078 -0.07738407817781166 -0.059527238355469955
vn 0.9952226948469078 -0.07738407817781166 -0.059527238355469955
vn 0.9856482782191974 0.1314371314530344 -0.10593277169473711
vn 0.985648280927588 0.1314371169130388 -0.10593276453524161
vn 0.9856482818482356 0.13143710908747375 -0.10593276567874699
vn 0.985648280927588 0.1314371169130388 -0.10593276453524161
vn 0.9856482782191974 0.1314371314530344 -0.10593277169473711
vn 0.985648280927588 0.1314371169130388 -0.10593276453524161
vn 0.893670115307436 -0.34660671968080853 0.2849868538696189
vn 0.8936701005355316 -0.3466067303841473 0.2849868871741716
vn 0.8936701125371497 -0.3466067119214855 0.2849868719938071
vn 0.893670115307436 -0.34660671968080853 0.2849868538696189
vn 0.8936701077172542 -0.34660671673698495 0.2849868812514688
vn 0.8936701005355316 -0.3466067303841473 0.2849868871741716
vn 0.9868629515704695 0.11552769677759021 0.11293744328116373
vn 0.9868629516945342 0.11552769631918641 0.11293744266598739
vn 0.9868629516945342 0.11552769631918641 0.11293744266598739
vn 0.9839622173082782 0.03659701399621968 -0.17458239738397854
vn 0.9839622181056629 0.0365970125174926 -0.17458239319982524
vn 0.9839622181056629 0.0365970125174926 -0.17458239319982524
vn 0.9839622181056629 0.0365970125174926 -0.17458239319982524
vn 0.9839622198680363 0.03659701409142558 -0.17458238293699066
vn 0.9839622173082782 0.03659701399621968 -0.17458239738397854
vn 0.9910421217944 0.005490066031562724 -0.13343677155950104
vn 0.991042120881861 0.005490066627639363 -0.13343677831245387
vn 0.991042120881861 0.005490066627639363 -0.13343677831245387
vn 0.991042120881861 0.005490066627639363 -0.13343677831245387
vn 0.9910421217944 0.005490066031562724 -0.13343677155950104
vn 0.9910421237624178 0.00549006650812572 -0.13343675692331913
vn 0.9880364085800518 -0.11391429174548134 -0.10395955683032802
vn 0.9880364103701443 -0.11391428392274186 -0.10395954838901891
vn 0.9880364093453443 -0.11391429183371496 -0.10395954946027078
vn 0.9880364093453443 -0.11391429183371496 -0.10395954946027078
vn 0.9880364103701443 -0.11391428392274186 -0.10395954838901891
vn 0.9880364087662782 -0.11391429118840662 -0.10395955567084356
vn 0.992788088474048 0.05793430166605771 -0.1049544095048517
vn 0.9927880875637454 0.05793430185998957 -0.10495441800856446
vn 0.9927880881258118 0.05793430561807903 -0.10495441061740374
vn 0.9927880881258118 0.05793430561807903 -0.10495441061740374
vn 0.99278808734948 0.05793430557277632 -0.10495441798591287
vn 0.992788088474048 0.05793430166605771 -0.1049544095048517
vn 0.9881424775849539 0.030914549002011966 -0.15039526140231638
vn 0.9881424775849539 0.030914549002011966 -0.15039526140231638
vn 0.9881424789901002 0.03091454718121066 -0.15039525254435476
vn 0.9881424775849539 0.030914549002011966 -0.15039526140231638
vn 0.9881424776987539 0.030914545280281876 -0.15039526141963686
vn 0.9881424789901002 0.03091454718121066 -0.15039525254435476
vn 0.9881984020837243 -0.022271938498760326 -0.15155157166681393
vn 0.988198400685166 -0.022271939810604564 -0.1515515805933856
vn 0.988198400685166 -0.022271939810604564 -0.1515515805933856
vn 0.988198400685166 -0.022271939810604564 -0.1515515805933856
vn 0.9881984020837243 -0.022271938498760326 -0.15155157166681393
vn 0.9881984020837243 -0.022271938498760326 -0.15155157166681393
vn 0.30519791182372236 -0.6859100043754917 0.6605919319186787
vn 0.3051979263725479 -0.6859100296990197 0.6605918989029359
vn 0.30519791182372236 -0.6859100043754917 0.6605919319186787
vn 0.30519791182372236 -0.6859100043754917 0.6605919319186787
vn 0.3051979263725479 -0.6859100296990197 0.6605918989029359
vn 0.3051979383895164 -0.6859100567062759 0.6605918653086658
vn 0.7807728449388069 -0.3591665534035698 0.5112662237253328
vn 0.780772844414939 -0.35916652574360824 0.5112662439565826
vn 0.7807728449388069 -0.3591665534035698 0.5112662237253328
vn 0.780772844414939 -0.35916652574360824 0.5112662439565826
vn 0.7807728454626743 -0.35916658106353533 0.5112662034940796
vn 0.7807728449388069 -0.3591665534035698 0.5112662237253328
vn 0.5227085080650549 0.3913568525929598 0.7573741674528757
vn 0.5227084722753601 0.39135688540151103 0.7573741752003351
vn 0.5227084783718886 0.3913568601637207 0.7573741840338494
vn 0.5227084722753601 0.39135688540151103 0.7573741752003351
vn 0.5227085080650549 0.3913568525929598 0.7573741674528757
vn 0.5227084844684168 0.3913568349259295 0.7573741928673632
vn 0.1877091864845305 -0.8324525270715849 0.5213329564505279
vn 0.18770919231738017 -0.8324525529390993 0.5213329130457167
vn 0.18770918142216964 -0.8324525111000403 0.5213329837762581
vn 0.18770919231738017 -0.8324525529390993 0.5213329130457167
vn 0.1877091864845305 -0.8324525270715849 0.5213329564505279
vn 0.18770918142216964 -0.8324525111000403 0.5213329837762581
vn 0.7029997475595804 -0.2091455993202057 0.6797422108536133
vn 0.7029997475595804 -0.2091455993202057 0.6797422108536133
vn 0.7029997453686732 -0.2091456135695621 0.6797422087351881
vn 0.7029997475595804 -0.2091455993202057 0.6797422108536133
vn 0.7029997475595804 -0.2091455993202057 0.6797422108536133
vn 0.7029997168860813 -0.20914560509586388 0.679742240799536
vn 0.6373868526048564 -0.10265192280218409 0.7636757053039528
vn 0.6373868231044032 -0.10265192550168294 0.7636757295630607
vn 0.6373868231044032 -0.10265192550168294 0.7636757295630607
vn 0.6373868231044032 -0.10265192550168294 0.7636757295630607
vn 0.6373868526048564 -0.10265192280218409 0.7636757053039528
vn 0.6373868231044032 -0.10265192550168294 0.7636757295630607
vn 0.8444257717315627 -0.019074724756026458 0.5353328599208501
vn 0.8444257717015609 -0.0190747266179939 0.53533285990183
vn 0.8444257717015609 -0.0190747266179939 0.53533285990183
vn 0.8444257717015609 -0.0190747266179939 0.53533285990183
vn 0.8444257717315627 -0.019074724756026458 0.5353328599208501
vn 0.8444257716715587 -0.019074728479961337 0.5353328598828098
vn 0.9598617587379079 -0.02091084023236772 0.2796929403351944
vn 0.9598617587005217 -0.020910842094198356 0.2796929403243004
vn 0.9598617540490845 -0.02091084142872329 0.27969295633704816
vn 0.9598617587379079 -0.02091084023236772 0.2796929403351944
vn 0.9598617540490845 -0.02091084142872329 0.27969295633704816
vn 0.9598617633893446 -0.020910840897842814 0.27969292432244847
vn 0.9911147691049519 -0.12256909834718929 -0.051655886328615494
vn 0.9911147671453585 -0.12256911292661313 -0.05165588933301669
vn 0.9911147669133117 -0.12256911297731383 -0.05165589366497015
vn 0 0.6462023038189314 0.7631661565734591
vn 0 0.6462023038189314 0.7631661565734591
vn 0 0.6462023038189314 0.7631661565734591
vn 0 0.6462023038189314 0.7631661565734591
vn 0 0.6462023038189314 0.7631661565734591
vn 0 0.6462023038189314 0.7631661565734591
vn 0.031061939679048894 0.6179971820055731 0.7855664446350452
vn 0.03106193822462313 0.6179971530688391 0.7855664674567898
vn 0.031061938941288832 0.6179971898734876 0.7855664384746079
vn 0.05063319540264027 -0.7986311146798741 0.5996871035702701
vn 0.05063319911837965 -0.7986311145292336 0.599687103457155
vn 0.05063319600304769 -0.7986310645453855 0.5996871702859925
vn 0.9209227663642089 0.2833072809104111 0.26765321402001196
vn 0.9209227573101885 0.28330729646150765 0.26765322871183694
vn 0.9209227663642089 0.2833072809104111 0.26765321402001196
vn 0.9209227663642089 0.2833072809104111 0.26765321402001196
vn 0.9209227663642089 0.2833072809104111 0.26765321402001196
vn 0.9209227573101885 0.28330729646150765 0.26765322871183694
vn 0.9414074915619063 0.3355032083681144 -0.034489592717523276
vn 0.9414074849027184 0.33550322723706366 -0.03448959093195321
vn 0.9414074943156401 0.3355032007893618 -0.03448959127680789
vn 0.9414074915619063 0.3355032083681144 -0.034489592717523276
vn 0.9414074943156401 0.3355032007893618 -0.03448959127680789
vn 0.9414074849027184 0.33550322723706366 -0.03448959093195321
vn 0.909814657312899 0.31515988698899333 -0.270021360213775
vn 0.9098146397252369 0.3151599015436809 -0.27002140248620093
vn 0.9098146499913803 0.3151598844528195 -0.2700213878431631
vn 0.909814657312899 0.31515988698899333 -0.270021360213775
vn 0.9098146499913803 0.3151598844528195 -0.2700213878431631
vn 0.9098146499913803 0.3151598844528195 -0.2700213878431631
vn 0.6231272782676245 -0.7380674782349437 0.25878329283532514
vn 0.6231273099227501 -0.7380674451299442 0.2587833110302788
vn 0.6231272734618521 -0.738067472542714 0.25878332064182225
vn 0.6231273099227501 -0.7380674451299442 0.2587833110302788
vn 0.6231272782676245 -0.7380674782349437 0.25878329283532514
vn 0.6231272734618521 -0.738067472542714 0.25878332064182225
vn 0.8762948010278933 -0.30610497268840087 0.3720311376577479
vn 0.8762947716368276 -0.3061049742611416 0.3720312055924158
vn 0.8762947716368276 -0.3061049742611416 0.3720312055924158
vn 0.8762947716368276 -0.3061049742611416 0.3720312055924158
vn 0.8762947854715095 -0.3061049582729007 0.3720311861607664
vn 0.8762947716368276 -0.3061049742611416 0.3720312055924158
vn 0.9630403837382832 0.12152471374506767 0.24038503122781918
vn 0.9630403923814652 0.12152469993457919 0.24038500358292705
vn 0.9630403880569572 0.121524706910301 0.24038501738142984
vn 0.9630403923814652 0.12152469993457919 0.24038500358292705
vn 0.9630403837382832 0.12152471374506767 0.24038503122781918
vn 0.9630403889318396 0.12152469949927533 0.2403850176230247
vn 0.9890310246990115 -0.059825941736052005 0.1350499495676245
vn 0.9890310266893386 -0.059825941856445276 0.1350499349382382
vn 0.9890310246990115 -0.059825941736052005 0.1350499495676245
vn 0.9890310246990115 -0.059825941736052005 0.1350499495676245
vn 0.9890310246990115 -0.059825941736052005 0.1350499495676245
vn 0.9890310244785872 -0.05982594544800888 0.13504994953752594
vn 0.9432214707735005 0.27416817258499876 0.18752351909367798
vn 0.9432214670072943 0.27416818396718223 0.18752352139597026
vn 0.9432214643716336 0.27416818320106867 0.18752353577313094
vn 0.9432214670072943 0.27416818396718223 0.18752352139597026
vn 0.9432214707735005 0.27416817258499876 0.18752351909367798
vn 0.9432214643716336 0.27416818320106867 0.18752353577313094
vn 0.7672884475159993 -0.5272982779600749 -0.3649999511901707
vn 0.7672884475159993 -0.5272982779600749 -0.3649999511901707
vn 0.7672884475159993 -0.5272982779600749 -0.3649999511901707
vn 0.7672884720295069 -0.5272982538446396 -0.3649999344972797
vn 0.7672884475159993 -0.5272982779600749 -0.3649999511901707
vn 0.7672884475159993 -0.5272982779600749 -0.3649999511901707
vn 0.7427113392659174 0.49490503984925666 -0.45105306567812276
vn 0.7427113283114308 0.4949050623520662 -0.45105305902539616
vn 0.742711349249762 0.4949050465019817 -0.451053041939049
vn 0.7427113392659174 0.49490503984925666 -0.45105306567812276
vn 0.742711349249762 0.4949050465019817 -0.451053041939049
vn 0.7427113283114308 0.4949050623520662 -0.45105305902539616
vn 0.9297912918745838 -0.2701116096618277 -0.2500557375468299
vn 0.9297912999503061 -0.2701115946922762 -0.2500557236887724
vn 0.9297912918745838 -0.2701116096618277 -0.2500557375468299
vn 0.9297912918745838 -0.2701116096618277 -0.2500557375468299
vn 0.9297912918745838 -0.2701116096618277 -0.2500557375468299
vn 0.9297912999503061 -0.2701115946922762 -0.2500557236887724
vn 0.9687375205577826 0.06264536590645876 -0.24004827513232763
vn 0.968737524271756 0.06264536255050311 -0.24004826102003918
vn 0.9687375205577826 0.06264536590645876 -0.24004827513232763
vn 0.9687375205577826 0.06264536590645876 -0.24004827513232763
vn 0.968737524271756 0.06264536255050311 -0.24004826102003918
vn 0.9687375168892589 0.06264536952368076 -0.2400482889930161
vn 0.8907796733501514 0.2980970659380899 -0.34300103910236146
vn 0.8907796900545735 0.2980970614374312 -0.3430009996321386
vn 0.8907796777455267 0.29809707726477647 -0.3430010178436406
vn 0.8907796733501514 0.2980970659380899 -0.34300103910236146
vn 0.8907796777455267 0.29809707726477647 -0.3430010178436406
vn 0.8907796947649513 0.298097053157959 -0.34300099459476935
vn 0.9290974465809433 0.27268766641451875 0.2498386906429331
vn 0.9290974512746187 0.2726876502982941 0.24983869077827595
vn 0.9290974512746187 0.2726876502982941 0.24983869077827595
vn 0.977708056737429 -0.012581258593213938 0.20959166902081572
vn 0.9777080567259729 -0.012581259524389085 0.20959166901835982
vn 0.9777080541096415 -0.012581259326398633 0.20959168123496766
vn 0.9777080541096415 -0.012581259326398633 0.20959168123496766
vn 0.9777080567259729 -0.012581259524389085 0.20959166901835982
vn 0.9777080536724347 -0.012581259485096316 0.20959168326493263
vn 0.5193106433657867 0.44654719209637783 0.7286371256790676
vn 0.5193106502768475 0.44654716823676893 0.7286371353758745
vn 0.5193106364547255 0.4465472159559857 0.7286371159822603
vn 0.5193106364547255 0.4465472159559857 0.7286371159822603
vn 0.5193106502768475 0.44654716823676893 0.7286371353758745
vn 0.5193106433657867 0.44654719209637783 0.7286371256790676
vn 0.630562033874871 0.7425035620668702 0.22600880901769213
vn 0.630562033874871 0.7425035620668702 0.22600880901769213
vn 0.6305620317512682 0.742503559566271 0.22600882315770202
vn 0.630562033874871 0.7425035620668702 0.22600880901769213
vn 0.630562033874871 0.7425035620668702 0.22600880901769213
vn 0.630562033874871 0.7425035620668702 0.22600880901769213
vn 0.7687965557951957 0.5604388957484215 -0.30799366865202676
vn 0.7687965230570026 0.560438931487511 -0.3079936853388402
vn 0.7687965301137301 0.5604389366317383 -0.3079936583635697
vn 0.7687965301137301 0.5604389366317383 -0.3079936583635697
vn 0.7687965230570026 0.560438931487511 -0.3079936853388402
vn 0.7687965301137301 0.5604389366317383 -0.3079936583635697
vn 0.9446139514699118 -0.2757227034523249 -0.17799290291845976
vn 0.9446139514699118 -0.2757227034523249 -0.17799290291845976
vn 0.9446139514699118 -0.2757227034523249 -0.17799290291845976
vn 0.9446139514699118 -0.2757227034523249 -0.17799290291845976
vn 0.9446139514699118 -0.2757227034523249 -0.17799290291845976
vn 0.9446139514699118 -0.2757227034523249 -0.17799290291845976
vn 0.7839157855334183 -0.27456344891877393 0.5568581091349494
vn 0.78391575309972 -0.27456346736132037 0.5568581457001666
vn 0.7839157365380459 -0.2745634526346316 0.5568581762759378
vn 0.78391575309972 -0.27456346736132037 0.5568581457001666
vn 0.7839157855334183 -0.27456344891877393 0.5568581091349494
vn 0.7839157760758819 -0.2745634545323383 0.5568581196809615
vn 0.8809068309302522 -0.44028487455297644 0.1736444196059569
vn 0.880906844281879 -0.4402848514353201 0.17364441048855983
vn 0.880906832723051 -0.4402848754604378 0.17364440821008192
vn 0.880906844281879 -0.4402848514353201 0.17364441048855983
vn 0.8809068309302522 -0.44028487455297644 0.1736444196059569
vn 0.880906844281879 -0.4402848514353201 0.17364441048855983
vn 0.9932081398910871 0.11214835347407144 -0.030989315370645608
vn 0.9932081390038618 0.11214836082447086 -0.030989317205607984
vn 0.9932081398337571 0.11214835346759808 -0.030989317231501997
vn 0.9932081398337571 0.11214835346759808 -0.030989317231501997
vn 0.9932081390038618 0.11214836082447086 -0.030989317205607984
vn 0.9932081388662096 0.11214836152923444 -0.030989319066864744
vn 0.997460770884484 0.06536948534439996 -0.028263774205489926
vn 0.9974607711204843 0.06536948181552939 -0.028263774038473043
vn 0.9974607708319725 0.06536948534095863 -0.028263776066647057
vn 0.9974607708319725 0.06536948534095863 -0.028263776066647057
vn 0.9974607711204843 0.06536948181552939 -0.028263774038473043
vn 0.997460770884484 0.06536948534439996 -0.028263774205489926
vn 0.9930218039879096 0.10894441582019226 -0.045153195525840135
vn 0.9930218040108378 0.10894441673406334 -0.045153192816629696
vn 0.9930218041549443 0.10894441583851752 -0.0451531918081448
vn 0.9930218039879096 0.10894441582019226 -0.045153195525840135
vn 0.9930218041549443 0.10894441583851752 -0.0451531918081448
vn 0.9930218048168727 0.10894440937191287 -0.04515319285328076
vn 0.9978815948097566 -0.023909401842257316 -0.060503415139003584
vn 0.9978815950346719 -0.02390940184764645 -0.060503411427350176
vn 0.9978815950175821 -0.02390940228174526 -0.060503411537664344
vn 0.9978815948097566 -0.023909401842257316 -0.060503415139003584
vn 0.9978815950175821 -0.02390940228174526 -0.060503411537664344
vn 0.9978815950175821 -0.02390940228174526 -0.060503411537664344
vn 0.9912865227939331 -0.12344356234276617 -0.04596429748446889
vn 0.9912865217597311 -0.12344356963646333 -0.04596430020028217
vn 0.9912865207255291 -0.12344357693016136 -0.04596430291609578
vn 0.9912865227939331 -0.12344356234276617 -0.04596429748446889
vn 0.991286521882221 -0.12344356967981189 -0.04596429744219458
vn 0.9912865217597311 -0.12344356963646333 -0.04596430020028217
vn 0.8782559216701461 -0.478016966672888 0.012896341503434588
vn 0.8782559227775372 -0.4780169646363376 0.012896341575780394
vn 0.8782559216701461 -0.478016966672888 0.012896341503434588
vn 0.8782559216701461 -0.478016966672888 0.012896341503434588
vn 0.8782559216701461 -0.478016966672888 0.012896341503434588
vn 0.8782559227669886 -0.4780169646305963 0.012896342506947999
vn 0 0.9234740289227116 -0.3836609413339529
vn 0 0.9234738125401065 -0.3836614621676778
vn 0 0.9234738125401065 -0.3836614621676778
vn 0 -0.6681217316258544 0.7440519818730877
vn 0 -0.6681217316258544 0.7440519818730877
vn 0 -0.6681210723433864 0.7440525738754777
vn 0 -0.6681217316258544 0.7440519818730877
vn 0 -0.6681211053413656 0.7440525442449827
vn 0 -0.6681210723433864 0.7440525738754777
vn 0.9737645011998436 -0.19382961418153155 0.11921735137662678
vn 0.9737645020647788 -0.19382961435369825 0.11921734403193966
vn 0.9737644994699733 -0.1938296138371982 0.11921736606600099
vn 0.9737645020647788 -0.19382961435369825 0.11921734403193966
vn 0.9737645011998436 -0.19382961418153155 0.11921735137662678
vn 0.9737644983873328 -0.19382962852285718 0.11921735103229242
vn 0 0.380195344547775 -0.9249062114529227
vn 0 0.3801953099837992 -0.9249062256609168
vn 0 0.380195344547775 -0.9249062114529227
vn 0.2186305052549811 0.21706475574002415 0.951358814531865
vn 0.21863053184140616 0.21706476734160596 0.9513588057750233
vn 0.2186305194438751 0.21706475503286016 0.9513588114324826
vn 0.5200799692678653 0.1273280882123538 0.8445734920766359
vn 0.520079979134217 0.1273280903193674 0.8445734856833805
vn 0.5200799954489513 0.12732809462211556 0.8445734749882454
vn 0.520079979134217 0.1273280903193674 0.8445734856833805
vn 0.5200799692678653 0.1273280882123538 0.8445734920766359
vn 0.5200799964357181 0.12732807996253903 0.844573476590685
vn 0.6494522023374737 0.051358932069271834 0.7586659982994552
vn 0.6494522022132159 0.05135893578473586 0.758665998154302
vn 0.6494521434767384 0.05135893113982802 0.7586660487498068
vn 0.6494522023374737 0.051358932069271834 0.7586659982994552
vn 0.6494521434767384 0.05135893113982802 0.7586660487498068
vn 0.6494522022132159 0.05135893578473586 0.758665998154302
vn 0.5244767481871208 0.14948390522705152 0.8381996794852247
vn 0.5244767481871208 0.14948390522705152 0.8381996794852247
vn 0.5244767640245304 0.14948390765387914 0.8381996691426714
vn 0.6215182957700677 0.09379101755932447 0.7777649085991584
vn 0.6215182957700677 0.09379101755932447 0.7777649085991584
vn 0.6215182880023983 0.09379102538185155 0.7777649138630445
vn 0.6215182957700677 0.09379101755932447 0.7777649085991584
vn 0.6215182880023983 0.09379102538185155 0.7777649138630445
vn 0.6215183250169758 0.09379101452228852 0.7777648855939515
vn -0.6445436473132811 -0.7579644505943411 0.10026653650800545
vn -0.6445436425529112 -0.7579644554849546 0.10026653013853415
vn -0.6445436134335882 -0.757964480846127 0.10026652560867054
vn -0.44201189192047846 0.8943698671106959 0.06876065884847017
vn -0.44201189192047846 0.8943698671106959 0.06876065884847017
vn -0.4420118685476732 0.8943698787250673 0.06876065802697684
vn -0.4420118683574443 0.894369879037736 0.06876065518293792
vn -0.44201189192047846 0.8943698671106959 0.06876065884847017
vn -0.44201189192047846 0.8943698671106959 0.06876065884847017
vn -0.5418084449118504 0.8362652282859047 0.08428568669783888
vn -0.5418084179052524 0.8362652462066628 0.08428568249659658
vn -0.5418084719184505 0.8362652103651438 0.0842856908990815
vn -0.5418084179052524 0.8362652462066628 0.08428568249659658
vn -0.5418084719184505 0.8362652103651438 0.0842856908990815
vn -0.5418084179052524 0.8362652462066628 0.08428568249659658
vn -0.6283547632405967 -0.7717612977446052 0.09774861030427225
vn -0.6283547347935488 -0.7717613224098593 0.09774859842838828
vn -0.6283547704068854 -0.7717612929431313 0.09774860214681518
vn -0.628354734335928 -0.7717613218477981 0.09774860580777976
vn -0.6283547704068854 -0.7717612929431313 0.09774860214681518
vn -0.6283547347935488 -0.7717613224098593 0.09774859842838828
vn -0.5899932844492672 0.8021745739948852 0.09178168194629456
vn -0.5899933233060045 0.802174545785342 0.0917816787186688
vn -0.5899933233060045 0.802174545785342 0.0917816787186688
vn -0.8026284409144104 -0.5832646773565153 0.12485952900561008
vn -0.8026283918042127 -0.5832647445873976 0.1248595306381581
vn -0.8026284197078183 -0.5832647052601193 0.12485953497893744
vn -0.8026283918042127 -0.5832647445873976 0.1248595306381581
vn -0.8026284409144104 -0.5832646773565153 0.12485952900561008
vn -0.8026284197078183 -0.5832647052601193 0.12485953497893744
vn -0.21863079143887 -0.21706438614420748 -0.9513588330922521
vn -0.21863079252305226 -0.21706438732738156 -0.9513588325731415
vn -0.21863079323021606 -0.21706437312831894 -0.951358835650322
vn -0.47818030014122026 -0.13515303124114825 -0.8678002412440214
vn -0.4781803018872305 -0.13515304015798071 -0.8678002388931986
vn -0.47818030014122026 -0.13515303124114825 -0.8678002412440214
vn -0.4781803018872305 -0.13515304015798071 -0.8678002388931986
vn -0.47818032312904807 -0.13515302931509832 -0.8678002288771025
vn -0.47818030014122026 -0.13515303124114825 -0.8678002412440214
vn -0.5329860342614094 -0.12883952562086792 -0.8362572952866155
vn -0.5329860769339148 -0.12883952152783681 -0.8362572687200233
vn -0.532986103500509 -0.12883952794982137 -0.8362572507984682
vn -0.5329860769339148 -0.12883952152783681 -0.8362572687200233
vn -0.5329860342614094 -0.12883952562086792 -0.8362572952866155
vn -0.5329860503673227 -0.12883951510585273 -0.8362572866415757
vn -0.5279213106231552 -0.13422778579427824 -0.8386190978690475
vn -0.5279213106231552 -0.13422778579427824 -0.8386190978690475
vn -0.5279212676303826 -0.13422779001796462 -0.8386191242575038
vn -0.49818252710332966 -0.1481311353571703 -0.854325076552676
vn -0.4981825252404662 -0.148131111040584 -0.8543250818552116
vn -0.4981825282029811 -0.14813112078298252 -0.8543250784384497
vn -0.4981825282029811 -0.14813112078298252 -0.8543250784384497
vn -0.4981825252404662 -0.148131111040584 -0.8543250818552116
vn -0.49818254654662103 -0.14813112341546877 -0.854325067285278
vn 0.9707608147255297 0.23938760855042449 -0.017804871971869293
vn 0.9707608181883823 0.2393875945031952 -0.017804872035382512
vn 0.9707608181279597 0.23938759469107562 -0.017804872803701074
vn 0.9707608146973015 0.2393876087462431 -0.017804870878133254
vn 0.9707608181279597 0.23938759469107562 -0.017804872803701074
vn 0.9707608181883823 0.2393875945031952 -0.017804872035382512
vn 0.9870929764584491 0.15477467326845393 -0.04113704341640506
vn 0.9870929757106018 0.1547746787064366 -0.041137040901218024
vn 0.9870929757106018 0.1547746787064366 -0.041137040901218024
vn 0.9870929757106018 0.1547746787064366 -0.041137040901218024
vn 0.9870929757106018 0.1547746787064366 -0.041137040901218024
vn 0.9870929741818943 0.15477468781265538 -0.04113704332152926
vn 0.9986632161527774 0.04335275032293715 -0.028148174769031104
vn 0.998663216207308 0.043352747737820545 -0.028148176815850568
vn 0.998663216207308 0.043352747737820545 -0.028148176815850568
vn 0.9986632161527774 0.04335275032293715 -0.028148174769031104
vn 0.998663216207308 0.043352747737820545 -0.028148176815850568
vn 0.9986632162051374 0.04335275032521008 -0.028148172907861757
vn 0 0.6700322984817401 0.7423319466325534
vn 0 0.6700323313272774 0.7423319169860163
vn 0 0.6700323313272774 0.7423319169860163
vn 0 0.6700322984817401 0.7423319466325534
vn 0 0.6700323313272774 0.7423319169860163
vn 0 0.6700322984817401 0.7423319466325534
vn 0 -0.7158893736778037 -0.6982137241956806
vn 0 -0.7158894027352087 -0.6982136944026709
vn 0 -0.7158894027352087 -0.6982136944026709
vn 0.9886062405856996 -0.09856593373197861 -0.11376492333998733
vn 0.9886062405856996 -0.09856593373197861 -0.11376492333998733
vn 0.9886062405856996 -0.09856593373197861 -0.11376492333998733
vn 0.9886062405856996 -0.09856593373197861 -0.11376492333998733
vn 0.9886062390217362 -0.09856594102662834 -0.11376493061059298
vn 0.9886062405856996 -0.09856593373197861 -0.11376492333998733
vn 0.9529858805816258 -0.29140571406293075 -0.0830699778712906
vn 0.9529858799918042 -0.29140571388257386 -0.08306998527045781
vn 0.9529858799918042 -0.29140571388257386 -0.08306998527045781
vn 0.9529858805816258 -0.29140571406293075 -0.0830699778712906
vn 0.9529858854645779 -0.2914056973300353 -0.0830699805518848
vn 0.9529858799918042 -0.29140571388257386 -0.08306998527045781
vn 0.9713836332005681 -0.23748887491468706 0.003587679169103395
vn 0.9713836366389701 -0.2374888608541644 0.0035876789489725567
vn 0.9713836366389701 -0.2374888608541644 0.0035876789489725567
vn 0.9713836366389701 -0.2374888608541644 0.0035876789489725567
vn 0.9713836366389701 -0.2374888608541644 0.0035876789489725567
vn 0.9713836332005681 -0.23748887491468706 0.003587679169103395
vn -0.11522666079385555 0.46376043932912636 0.878435581904304
vn -0.1152266550347622 0.4637604163346447 0.8784355947994236
vn -0.1152266550347622 0.4637604163346447 0.8784355947994236
vn -0.1152266550347622 0.4637604163346447 0.8784355947994236
vn -0.11522666079385555 0.46376043932912636 0.878435581904304
vn -0.11522665239771489 0.4637604656948453 0.8784355690861547
vn -0.12943739310929095 0.9853789437211333 0.11078943332328237
vn -0.12943739310929095 0.9853789437211333 0.11078943332328237
vn -0.12943739300244747 0.9853789429077567 0.1107894406824121
vn -0.12943739310929095 0.9853789437211333 0.11078943332328237
vn -0.12943739310929095 0.9853789437211333 0.11078943332328237
vn -0.12943739289560396 0.98537894209438 0.1107894480415418
vn -0.12237789304998975 0.4880617356105316 -0.8641871287663806
vn -0.12237789304998975 0.4880617356105316 -0.8641871287663806
vn -0.1223778849663262 0.48806173317396756 -0.864187131287195
vn -0.12237789304998975 0.4880617356105316 -0.8641871287663806
vn -0.12237789304998975 0.4880617356105316 -0.8641871287663806
vn -0.12237789304998975 0.4880617356105316 -0.8641871287663806
vn -0.11206631734695321 -0.5218825651895532 -0.8456238694995925
vn -0.11206630998994363 -0.5218825656253037 -0.8456238702056537
vn -0.11206632292647592 -0.5218825813841832 -0.8456238587655391
vn -0.11206630998994363 -0.5218825656253037 -0.8456238702056537
vn -0.11206631905547179 -0.5218825384492977 -0.8456238857761024
vn -0.11206632292647592 -0.5218825813841832 -0.8456238587655391
vn -0.1282996890328361 -0.6271730689256642 0.7682402823390881
vn -0.12829969781377942 -0.627173039007942 0.7682403052967447
vn -0.12829970848486508 -0.6271730315672314 0.7682403095890422
vn -0.12829970848486508 -0.6271730315672314 0.7682403095890422
vn -0.12829969781377942 -0.627173039007942 0.7682403052967447
vn -0.12829970368871102 -0.6271730677266256 0.7682402808703553
vn -0.11630933534769579 -0.9835498421715351 -0.13820942976268177
vn -0.11630932117937266 -0.9835498449687333 -0.13820942178004422
vn -0.11630932852916183 -0.9835498441164167 -0.13820942166027583
vn -0.11630932117937266 -0.9835498449687333 -0.13820942178004422
vn -0.11630933534769579 -0.9835498421715351 -0.13820942976268177
vn -0.11630933534769579 -0.9835498421715351 -0.13820942976268177
vn 0.6473460353105027 0.31392687100911304 0.6945451966763582
vn 0.6473460906799048 0.3139268987575809 0.6945451325276797
vn 0.6473460906799048 0.3139268987575809 0.6945451325276797
vn 0.6473460906799048 0.3139268987575809 0.6945451325276797
vn 0.6473460699374062 0.31392685889629895 0.6945451698774517
vn 0.6473460353105027 0.31392687100911304 0.6945451966763582
vn 0.731339219046797 0.6035414563362433 0.31761715502716104
vn 0.731339219046797 0.6035414563362433 0.31761715502716104
vn 0.731339219046797 0.6035414563362433 0.31761715502716104
vn 0.731339219046797 0.6035414563362433 0.31761715502716104
vn 0.731339219046797 0.6035414563362433 0.31761715502716104
vn 0.7313391913221172 0.6035414826453469 0.3176171688724778
vn -0.9302766964213615 0.27990137019306754 0.23715077705839713
vn -0.9302766931339292 0.2799013692039454 0.2371507911215093
vn -0.9302767027344184 0.2799013602240431 0.237150764060142
vn -0.9302766931339292 0.2799013692039454 0.2371507911215093
vn -0.9302766964213615 0.27990137019306754 0.23715077705839713
vn -0.9302767074688922 0.2799013437147238 0.2371507649735268
vn 0.930276605415268 0.27990152769044274 0.23715094816087487
vn 0.9302765991022139 0.2799015376594535 0.23715096115911535
vn 0.930276608702702 0.279901528679566 0.23715093409776328
vn 0.930276608702702 0.279901528679566 0.23715093409776328
vn 0.9302765991022139 0.2799015376594535 0.23715096115911535
vn 0.9302766101497504 0.27990151118111506 0.23715094907424955
vn -0.9778683465139669 -0.16130294898801412 0.13324734719239484
vn -0.9778683508059689 -0.16130293479483462 0.13324733287607635
vn -0.9778683481968655 -0.1613029441964558 0.1332473406424629
vn 0.9778683089013197 -0.1613030816569736 0.13324746261913084
vn 0.9778683089013197 -0.1613030816569736 0.13324746261913084
vn 0.9778683112517272 -0.16130306714352066 0.13324746293940537
vn 0.8773362024392037 0.3137469602464723 -0.3631033362910001
vn 0.8773362064107482 0.3137469531798288 -0.3631033328009697
vn 0.877336198207314 0.31374698004849627 -0.3631033294058116
vn -0.8773362351529036 0.3137469506299169 -0.3631032655570002
vn -0.8773362433563365 0.31374692376125146 -0.36310326895215705
vn -0.8773362338623997 0.31374692036609636 -0.36310329482522047
vn -0.9290974512746187 0.2726876502982941 0.24983869077827595
vn -0.9290974500398677 0.2726876674297045 0.24983867667189288
vn -0.9290974575903878 0.2726876398434395 0.24983867870226223
vn -0.9777080567488848 -0.01258125766203879 0.20959166902327156
vn -0.9777080541210975 -0.012581258395223434 0.20959168123742353
vn -0.9777080567488848 -0.01258125766203879 0.20959166902327156
vn -0.9777080567488848 -0.01258125766203879 0.20959166902327156
vn -0.9777080541210975 -0.012581258395223434 0.20959168123742353
vn -0.9777080536838909 -0.012581258553921172 0.20959168326738853
vn 0.9370766222667372 0.25436429442420844 0.2391363831022741
vn 0.9370766183408695 0.25436430953790656 0.23913638241000534
vn 0.9370766183408695 0.25436430953790656 0.23913638241000534
vn 0.9370766183408695 0.25436430953790656 0.23913638241000534
vn 0.9370766150016816 0.2543643086315018 0.2391363964590259
vn 0.9370766183408695 0.25436430953790656 0.23913638241000534
vn 0.9695470672919292 0.043153289241154885 0.24107317962247235
vn 0.969547064057038 0.04315328271895734 0.2410731938000482
vn 0.9695470637169324 0.043153291734962324 0.2410731935539733
f 1/1/1 2/2/2 3/3/3
f 4/4/4 5/5/5 6/6/6
f 7/7/7 8/8/8 9/9/9
f 10/10/10 11/11/11 12/12/12
f 13/13/13 14/14/14 15/15/15
f 16/16/16 17/17/17 18/18/18
f 19/19/19 20/20/20 21/21/21
f 22/22/22 23/23/23 24/24/24
f 25/25/25 26/26/26 27/27/27
f 28/28/28 29/29/29 30/30/30
f 31/31/31 32/32/32 33/33/33
f 34/34/34 35/35/35 36/36/36
f 37/37/37 38/38/38 39/39/39
f 40/40/40 41/41/41 42/42/42
f 43/43/43 44/44/44 45/45/45
f 46/46/46 47/47/47 48/48/48
f 49/49/49 50/50/50 51/51/51
f 52/52/52 53/53/53 54/54/54
f 55/55/55 56/56/56 57/57/57
f 58/58/58 59/59/59 60/60/60
f 61/61/61 62/62/62 63/63/63
f 64/64/64 65/65/65 66/66/66
f 67/67/67 68/68/68 69/69/69
f 70/70/70 71/71/71 72/72/72
f 73/73/73 74/74/74 75/75/75
f 76/76/76 77/77/77 78/78/78
f 79/79/79 80/80/80 81/81/81
f 82/82/82 83/83/83 84/84/84
f 85/85/85 86/86/86 87/87/87
f 88/88/88 89/89/89 90/90/90
f 91/91/91 92/92/92 93/93/93
f 94/94/94 95/95/95 96/96/96
f 97/97/97 98/98/98 99/99/99
f 100/100/100 101/101/101 102/102/102
f 103/103/103 104/104/104 105/105/105
f 106/106/106 107/107/107 108/108/108
f 109/109/109 110/110/110 111/111/111
f 112/112/112 113/113/113 114/114/114
f 115/115/115 116/116/116 117/117/117
f 118/118/118 119/119/119 120/120/120
f 121/121/121 122/122/122 123/123/123
f 124/124/124 125/125/125 126/126/126
f 127/127/127 128/128/128 129/129/129
f 130/130/130 131/131/131 132/132/132
f 133/133/133 134/134/134 135/135/135
f 136/136/136 137/137/137 138/138/138
f 139/139/139 140/140/140 141/141/141
f 142/142/142 143/143/143 144/144/144
f 145/145/145 146/146/146 147/147/147
f 148/148/148 149/149/149 150/150/150
f 151/151/151 152/152/152 153/153/153
f 154/154/154 155/155/155 156/156/156
f 157/157/157 158/158/158 159/159/159
f 160/160/160 161/161/161 162/162/162
f 163/163/163 164/164/164 165/165/165
f 166/166/166 167/167/167 168/168/168
f 169/169/169 170/170/170 171/171/171
f 172/172/172 173/173/173 174/174/174
f 175/175/175 176/176/176 177/177/177
f 178/178/178 179/179/179 180/180/180
f 181/181/181 182/182/182 183/183/183
f 184/184/184 185/185/185 186/186/186
f 187/187/187 188/188/188 189/189/189
f 190/190/190 191/191/191 192/192/192
f 193/193/193 194/194/194 195/195/195
f 196/196/196 197/197/197 198/198/198
f 199/199/199 200/200/200 201/201/201
f 202/202/202 203/203/203 204/204/204
f 205/205/205 206/206/206 207/207/207
f 208/208/208 209/209/209 210/210/210
f 211/211/211 212/212/212 213/213/213
f 214/214/214 215/215/215 216/216/216
f 217/217/217 218/218/218 219/219/219
f 220/220/220 221/221/221 222/222/222
f 223/223/223 224/224/224 225/225/225
f 226/226/226 227/227/227 228/228/228
f 229/229/229 230/230/230 231/231/231
f 232/232/232 233/233/233 234/234/234
f 235/235/235 236/236/236 237/237/237
f 238/238/238 239/239/239 240/240/240
f 241/241/241 242/242/242 243/243/243
f 244/244/244 245/245/245 246/246/246
f 247/247/247 248/248/248 249/249/249
f 250/250/250 251/251/251 252/252/252
f 253/253/253 254/254/254 255/255/255
f 256/256/256 257/257/257 258/258/258
f 259/259/259 260/260/260 261/261/261
f 262/262/262 263/263/263 264/264/264
f 265/265/265 266/266/266 267/267/267
f 268/268/268 269/269/269 270/270/270
f 271/271/271 272/272/272 273/273/273
f 274/274/274 275/275/275 276/276/276
f 277/277/277 278/278/278 279/279/279
f 280/280/280 281/281/281 282/282/282
f 283/283/283 284/284/284 285/285/285
f 286/286/286 287/287/287 288/288/288
f 289/289/289 290/290/290 291/291/291
f 292/292/292 293/293/293 294/294/294
f 295/295/295 296/296/296 297/297/297
f 298/298/298 299/299/299 300/300/300
f 301/301/301 302/302/302 303/303/303
f 304/304/304 305/305/305 306/306/306
f 307/307/307 308/308/308 309/309/309
f 310/310/310 311/311/311 312/312/312
f 313/313/313 314/314/314 315/315/315
f 316/316/316 317/317/317 318/318/318
f 319/319/319 320/320/320 321/321/321
f 322/322/322 323/323/323 324/324/324
f 325/325/325 326/326/326 327/327/327
f 328/328/328 329/329/329 330/330/330
f 331/331/331 332/332/332 333/333/333
f 334/334/334 335/335/335 336/336/336
f 337/337/337 338/338/338 339/339/339
f 340/340/340 341/341/341 342/342/342
f 343/343/343 344/344/344 345/345/345
f 346/346/346 347/347/347 348/348/348
f 349/349/349 350/350/350 351/351/351
f 352/352/352 353/353/353 354/354/354
f 355/355/355 356/356/356 357/357/357
f 358/358/358 359/359/359 360/360/360
f 361/361/361 362/362/362 363/363/363
f 364/364/364 365/365/365 366/366/366
f 367/367/367 368/368/368 369/369/369
f 370/370/370 371/371/371 372/372/372
f 373/373/373 374/374/374 375/375/375
f 376/376/376 377/377/377 378/378/378
f 379/379/379 380/380/380 381/381/381
f 382/382/382 383/383/383 384/384/384
f 385/385/385 386/386/386 387/387/387
f 388/388/388 389/389/389 390/390/390
f 391/391/391 392/392/392 393/393/393
f 394/394/394 395/395/395 396/396/396
f 397/397/397 398/398/398 399/399/399
f 400/400/400 401/401/401 402/402/402
f 403/403/403 404/404/404 405/405/405
f 406/406/406 407/407/407 408/408/408
f 409/409/409 410/410/410 411/411/411
f 412/412/412 413/413/413 414/414/414
f 415/415/415 416/416/416 417/417/417
f 418/418/418 419/419/419 420/420/420
f 421/421/421 422/422/422 423/423/423
f 424/424/424 425/425/425 426/426/426
f 427/427/427 428/428/428 429/429/429
f 430/430/430 431/431/431 432/432/432
f 433/433/433 434/434/434 435/435/435
f 436/436/436 437/437/437 438/438/438
f 439/439/439 440/440/440 441/441/441
f 442/442/442 443/443/443 444/444/444
f 445/445/445 446/446/446 447/447/447
f 448/448/448 449/449/449 450/450/450
f 451/451/451 452/452/452 453/453/453
f 454/454/454 455/455/455 456/456/456
f 457/457/457 458/458/458 459/459/459
f 460/460/460 461/461/461 462/462/462
f 463/463/463 464/464/464 465/465/465
f 466/466/466 467/467/467 468/468/468
f 469/469/469 470/470/470 471/471/471
f 472/472/472 473/473/473 474/474/474
f 475/475/475 476/476/476 477/477/477
f 478/478/478 479/479/479 480/480/480
f 481/481/481 482/482/482 483/483/483
f 484/484/484 485/485/485 486/486/486
f 487/487/487 488/488/488 489/489/489
f 490/490/490 491/491/491 492/492/492
f 493/493/493 494/494/494 495/495/495
f 496/496/496 497/497/497 498/498/498
f 499/499/499 500/500/500 501/501/501
f 502/502/502 503/503/503 504/504/504
f 505/505/505 506/506/506 507/507/507
f 508/508/508 509/509/509 510/510/510
f 511/511/511 512/512/512 513/513/513
f 514/514/514 515/515/515 516/516/516
f 517/517/517 518/518/518 519/519/519
f 520/520/520 521/521/521 522/522/522
f 523/523/523 524/524/524 525/525/525
f 526/526/526 527/527/527 528/528/528
f 529/529/529 530/530/530 531/531/531
f 532/532/532 533/533/533 534/534/534
f 535/535/535 536/536/536 537/537/537
f 538/538/538 539/539/539 540/540/540
f 541/541/541 542/542/542 543/543/543
f 544/544/544 545/545/545 546/546/546
f 547/547/547 548/548/548 549/549/549
f 550/550/550 551/551/551 552/552/552
f 553/553/553 554/554/554 555/555/555
f 556/556/556 557/557/557 558/558/558
f 559/559/559 560/560/560 561/561/561
f 562/562/562 563/563/563 564/564/564
f 565/565/565 566/566/566 567/567/567
f 568/568/568 569/569/569 570/570/570
f 571/571/571 572/572/572 573/573/573
f 574/574/574 575/575/575 576/576/576
f 577/577/577 578/578/578 579/579/579
f 580/580/580 581/581/581 582/582/582
f 583/583/583 584/584/584 585/585/585
f 586/586/586 587/587/587 588/588/588
f 589/589/589 590/590/590 591/591/591
f 592/592/592 593/593/593 594/594/594
f 595/595/595 596/596/596 597/597/597
f 598/598/598 599/599/599 600/600/600
f 601/601/601 602/602/602 603/603/603
f 604/604/604 605/605/605 606/606/606
f 607/607/607 608/608/608 609/609/609
f 610/610/610 611/611/611 612/612/612
f 613/613/613 614/614/614 615/615/615
f 616/616/616 617/617/617 618/618/618
f 619/619/619 620/620/620 621/621/621
f 622/622/622 623/623/623 624/624/624
f 625/625/625 626/626/626 627/627/627
f 628/628/628 629/629/629 630/630/630
f 631/631/631 632/632/632 633/633/633
f 634/634/634 635/635/635 636/636/636
f 637/637/637 638/638/638 639/639/639
f 640/640/640 641/641/641 642/642/642
f 643/643/643 644/644/644 645/645/645
f 646/646/646 647/647/647 648/648/648
f 649/649/649 650/650/650 651/651/651
f 652/652/652 653/653/653 654/654/654
f 655/655/655 656/656/656 657/657/657
f 658/658/658 659/659/659 660/660/660
f 661/661/661 662/662/662 663/663/663
f 664/664/664 665/665/665 666/666/666
f 667/667/667 668/668/668 669/669/669
f 670/670/670 671/671/671 672/672/672
f 673/673/673 674/674/674 675/675/675
f 676/676/676 677/677/677 678/678/678
f 679/679/679 680/680/680 681/681/681
f 682/682/682 683/683/683 684/684/684
f 685/685/685 686/686/686 687/687/687
f 688/688/688 689/689/689 690/690/690
f 691/691/691 692/692/692 693/693/693
f 694/694/694 695/695/695 696/696/696
f 697/697/697 698/698/698 699/699/699
f 700/700/700 701/701/701 702/702/702
f 703/703/703 704/704/704 705/705/705
f 706/706/706 707/707/707 708/708/708
f 709/709/709 710/710/710 711/711/711
f 712/712/712 713/713/713 714/714/714
f 715/715/715 716/716/716 717/717/717
f 718/718/718 719/719/719 720/720/720
f 721/721/721 722/722/722 723/723/723
f 724/724/724 725/725/725 726/726/726
f 727/727/727 728/728/728 729/729/729
f 730/730/730 731/731/731 732/732/732
f 733/733/733 734/734/734 735/735/735
f 736/736/736 737/737/737 738/738/738
f 739/739/739 740/740/740 741/741/741
f 742/742/742 743/743/743 744/744/744
f 745/745/745 746/746/746 747/747/747
f 748/748/748 749/749/749 750/750/750
f 751/751/751 752/752/752 753/753/753
f 754/754/754 755/755/755 756/756/756
f 757/757/757 758/758/758 759/759/759
f 760/760/760 761/761/761 762/762/762
f 763/763/763 764/764/764 765/765/765
f 766/766/766 767/767/767 768/768/768
f 769/769/769 770/770/770 771/771/771
f 772/772/772 773/773/773 774/774/774
f 775/775/775 776/776/776 777/777/777
f 778/778/778 779/779/779 780/780/780
f 781/781/781 782/782/782 783/783/783
f 784/784/784 785/785/785 786/786/786
f 787/787/787 788/788/788 789/789/789
f 790/790/790 791/791/791 792/792/792
f 793/793/793 794/794/794 795/795/795
f 796/796/796 797/797/797 798/798/798
f 799/799/799 800/800/800 801/801/801
f 802/802/802 803/803/803 804/804/804
f 805/805/805 806/806/806 807/807/807
f 808/808/808 809/809/809 810/810/810
f 811/811/811 812/812/812 813/813/813
f 814/814/814 815/815/815 816/816/816
f 817/817/817 818/818/818 819/819/819
f 820/820/820 821/821/821 822/822/822
f 823/823/823 824/824/824 825/825/825
f 826/826/826 827/827/827 828/828/828
f 829/829/829 830/830/830 831/831/831
f 832/832/832 833/833/833 834/834/834
f 835/835/835 836/836/836 837/837/837
f 838/838/838 839/839/839 840/840/840
f 841/841/841 842/842/842 843/843/843
f 844/844/844 845/845/845 846/846/846
f 847/847/847 848/848/848 849/849/849
f 850/850/850 851/851/851 852/852/852
f 853/853/853 854/854/854 855/855/855
f 856/856/856 857/857/857 858/858/858
f 859/859/859 860/860/860 861/861/861
f 862/862/862 863/863/863 864/864/864
f 865/865/865 866/866/866 867/867/867
f 868/868/868 869/869/869 870/870/870
f 871/871/871 872/872/872 873/873/873
f 874/874/874 875/875/875 876/876/876
f 877/877/877 878/878/878 879/879/879
f 880/880/880 881/881/881 882/882/882
f 883/883/883 884/884/884 885/885/885
f 886/886/886 887/887/887 888/888/888
f 889/889/889 890/890/890 891/891/891
f 892/892/892 893/893/893 894/894/894
f 895/895/895 896/896/896 897/897/897
f 898/898/898 899/899/899 900/900/900
f 901/901/901 902/902/902 903/903/903
f 904/904/904 905/905/905 906/906/906
f 907/907/907 908/908/908 909/909/909
f 910/910/910 911/911/911 912/912/912
f 913/913/913 914/914/914 915/915/915
f 916/916/916 917/917/917 918/918/918
f 919/919/919 920/920/920 921/921/921
f 922/922/922 923/923/923 924/924/924
f 925/925/925 926/926/926 927/927/927
f 928/928/928 929/929/929 930/930/930
f 931/931/931 932/932/932 933/933/933
f 934/934/934 935/935/935 936/936/936
f 937/937/937 938/938/938 939/939/939
f 940/940/940 941/941/941 942/942/942
f 943/943/943 944/944/944 945/945/945
f 946/946/946 947/947/947 948/948/948
f 949/949/949 950/950/950 951/951/951
f 952/952/952 953/953/953 954/954/954
f 955/955/955 956/956/956 957/957/957
f 958/958/958 959/959/959 960/960/960
f 961/961/961 962/962/962 963/963/963
f 964/964/964 965/965/965 966/966/966
f 967/967/967 968/968/968 969/969/969
f 970/970/970 971/971/971 972/972/972
f 973/973/973 974/974/974 975/975/975
f 976/976/976 977/977/977 978/978/978
f 979/979/979 980/980/980 981/981/981
f 982/982/982 983/983/983 984/984/984
f 985/985/985 986/986/986 987/987/987
f 988/988/988 989/989/989 990/990/990
f 991/991/991 992/992/992 993/993/993
f 994/994/994 995/995/995 996/996/996
f 997/997/997 998/998/998 999/999/999
f 1000/1000/1000 1001/1001/1001 1002/1002/1002
f 1003/1003/1003 1004/1004/1004 1005/1005/1005
f 1006/1006/1006 1007/1007/1007 1008/1008/1008
f 1009/1009/1009 1010/1010/1010 1011/1011/1011
f 1012/1012/1012 1013/1013/1013 1014/1014/1014
f 1015/1015/1015 1016/1016/1016 1017/1017/1017
f 1018/1018/1018 1019/1019/1019 1020/1020/1020
f 1021/1021/1021 1022/1022/1022 1023/1023/1023
f 1024/1024/1024 1025/1025/1025 1026/1026/1026
f 1027/1027/1027 1028/1028/1028 1029/1029/1029
f 1030/1030/1030 1031/1031/1031 1032/1032/1032
f 1033/1033/1033 1034/1034/1034 1035/1035/1035
f 1036/1036/1036 1037/1037/1037 1038/1038/1038
f 1039/1039/1039 1040/1040/1040 1041/1041/1041
f 1042/1042/1042 1043/1043/1043 1044/1044/1044
f 1045/1045/1045 1046/1046/1046 1047/1047/1047
f 1048/1048/1048 1049/1049/1049 1050/1050/1050
f 1051/1051/1051 1052/1052/1052 1053/1053/1053
f 1054/1054/1054 1055/1055/1055 1056/1056/1056
f 1057/1057/1057 1058/1058/1058 1059/1059/1059
f 1060/1060/1060 1061/1061/1061 1062/1062/1062
f 1063/1063/1063 1064/1064/1064 1065/1065/1065
f 1066/1066/1066 1067/1067/1067 1068/1068/1068
f 1069/1069/1069 1070/1070/1070 1071/1071/1071
f 1072/1072/1072 1073/1073/1073 1074/1074/1074
f 1075/1075/1075 1076/1076/1076 1077/1077/1077
f 1078/1078/1078 1079/1079/1079 1080/1080/1080
f 1081/1081/1081 1082/1082/1082 1083/1083/1083
f 1084/1084/1084 1085/1085/1085 1086/1086/1086
f 1087/1087/1087 1088/1088/1088 1089/1089/1089
f 1090/1090/1090 1091/1091/1091 1092/1092/1092
f 1093/1093/1093 1094/1094/1094 1095/1095/1095
f 1096/1096/1096 1097/1097/1097 1098/1098/1098
f 1099/1099/1099 1100/1100/1100 1101/1101/1101
f 1102/1102/1102 1103/1103/1103 1104/1104/1104
f 1105/1105/1105 1106/1106/1106 1107/1107/1107
f 1108/1108/1108 1109/1109/1109 1110/1110/1110
f 1111/1111/1111 1112/1112/1112 1113/1113/1113
f 1114/1114/1114 1115/1115/1115 1116/1116/1116
f 1117/1117/1117 1118/1118/1118 1119/1119/1119
f 1120/1120/1120 1121/1121/1121 1122/1122/1122
f 1123/1123/1123 1124/1124/1124 1125/1125/1125
f 1126/1126/1126 1127/1127/1127 1128/1128/1128
f 1129/1129/1129 1130/1130/1130 1131/1131/1131
f 1132/1132/1132 1133/1133/1133 1134/1134/1134
f 1135/1135/1135 1136/1136/1136 1137/1137/1137
f 1138/1138/1138 1139/1139/1139 1140/1140/1140
f 1141/1141/1141 1142/1142/1142 1143/1143/1143
f 1144/1144/1144 1145/1145/1145 1146/1146/1146
f 1147/1147/1147 1148/1148/1148 1149/1149/1149
f 1150/1150/1150 1151/1151/1151 1152/1152/1152
f 1153/1153/1153 1154/1154/1154 1155/1155/1155
f 1156/1156/1156 1157/1157/1157 1158/1158/1158
f 1159/1159/1159 1160/1160/1160 1161/1161/1161
f 1162/1162/1162 1163/1163/1163 1164/1164/1164
f 1165/1165/1165 1166/1166/1166 1167/1167/1167
f 1168/1168/1168 1169/1169/1169 1170/1170/1170
f 1171/1171/1171 1172/1172/1172 1173/1173/1173
f 1174/1174/1174 1175/1175/1175 1176/1176/1176
f 1177/1177/1177 1178/1178/1178 1179/1179/1179
f 1180/1180/1180 1181/1181/1181 1182/1182/1182
f 1183/1183/1183 1184/1184/1184 1185/1185/1185
f 1186/1186/1186 1187/1187/1187 1188/1188/1188
f 1189/1189/1189 1190/1190/1190 1191/1191/1191
f 1192/1192/1192 1193/1193/1193 1194/1194/1194
f 1195/1195/1195 1196/1196/1196 1197/1197/1197
f 1198/1198/1198 1199/1199/1199 1200/1200/1200
f 1201/1201/1201 1202/1202/1202 1203/1203/1203
f 1204/1204/1204 1205/1205/1205 1206/1206/1206
f 1207/1207/1207 1208/1208/1208 1209/1209/1209
f 1210/1210/1210 1211/1211/1211 1212/1212/1212
f 1213/1213/1213 1214/1214/1214 1215/1215/1215
f 1216/1216/1216 1217/1217/1217 1218/1218/1218
